,Id,Url,Username
0,7535985532,/ia_updates/status/7535985532#m,ia_updates
1,7534488500,/harmongreg/status/7534488500#m,harmongreg
2,7533464120,/toddstrade/status/7533464120#m,toddstrade
3,7532292610,/downtowntrader/status/7532292610#m,downtowntrader
4,7531892820,/gtotoy/status/7531892820#m,gtotoy
5,7531878240,/fortunecookie38/status/7531878240#m,fortunecookie38
6,7531847973,/SkyTrader/status/7531847973#m,SkyTrader
7,7531842363,/Trending123/status/7531842363#m,Trending123
8,7530833082,/ugtrader/status/7530833082#m,ugtrader
9,7529840127,/brokerz_figures/status/7529840127#m,brokerz_figures
10,7528714702,/cheatsheet/status/7528714702#m,cheatsheet
11,7528061763,/brokerz_spx/status/7528061763#m,brokerz_spx
12,7528022584,/fortunecookie38/status/7528022584#m,fortunecookie38
13,7527870131,/TradingApples/status/7527870131#m,TradingApples
14,7527452689,/SkyTrader/status/7527452689#m,SkyTrader
15,7527189708,/fortunecookie38/status/7527189708#m,fortunecookie38
16,7526574220,/Contrahour/status/7526574220#m,Contrahour
17,7525867955,/Hobotrader/status/7525867955#m,Hobotrader
18,7525560835,/J012/status/7525560835#m,J012
19,7524655534,/phoneranger/status/7524655534#m,phoneranger
20,7523869003,/SkyTrader/status/7523869003#m,SkyTrader
21,7523235757,/raulc27/status/7523235757#m,raulc27
22,7522497784,/panamaorange/status/7522497784#m,panamaorange
23,7522445328,/panamaorange/status/7522445328#m,panamaorange
24,7521274824,/muathe/status/7521274824#m,muathe
25,7520963961,/aarontask/status/7520963961#m,aarontask
26,7520928299,/panamaorange/status/7520928299#m,panamaorange
27,7520840137,/SkyTrader/status/7520840137#m,SkyTrader
28,7520742932,/aarontask/status/7520742932#m,aarontask
29,7520044625,/BoardCentral/status/7520044625#m,BoardCentral
30,7520036365,/brokerz_spx/status/7520036365#m,brokerz_spx
31,7519835980,/STnet/status/7519835980#m,STnet
32,7519741204,/gkfinance/status/7519741204#m,gkfinance
33,7518471844,/ChartingStock/status/7518471844#m,ChartingStock
34,7518396099,/tkathlinastocks/status/7518396099#m,tkathlinastocks
35,7518289059,/ChartingStock/status/7518289059#m,ChartingStock
36,7518247382,/brokerz_spx/status/7518247382#m,brokerz_spx
37,7518121839,/whalewisdom/status/7518121839#m,whalewisdom
38,7518005953,/gtotoy/status/7518005953#m,gtotoy
39,7517558907,/KevinMHughes/status/7517558907#m,KevinMHughes
40,7517432098,/brokerz_spx/status/7517432098#m,brokerz_spx
41,7517387253,/alphatrends/status/7517387253#m,alphatrends
42,7517083698,/sp500trader/status/7517083698#m,sp500trader
43,7514319573,/steenbab/status/7514319573#m,steenbab
44,7503956573,/brokerz_spx/status/7503956573#m,brokerz_spx
45,7503926212,/brokerz_bullish/status/7503926212#m,brokerz_bullish
46,7503303771,/ichimokucharts/status/7503303771#m,ichimokucharts
47,7503303614,/Lazza134/status/7503303614#m,Lazza134
48,7502370796,/StockBlotter/status/7502370796#m,StockBlotter
49,7502283905,/alphatrends/status/7502283905#m,alphatrends
50,7501328370,/tkathlinastocks/status/7501328370#m,tkathlinastocks
51,7498342992,/Psando/status/7498342992#m,Psando
52,7497585320,/NCStockGuy/status/7497585320#m,NCStockGuy
53,7535985532,/ia_updates/status/7535985532#m,ia_updates
54,7534488500,/harmongreg/status/7534488500#m,harmongreg
55,7533464120,/toddstrade/status/7533464120#m,toddstrade
56,7532292610,/downtowntrader/status/7532292610#m,downtowntrader
57,7531892820,/gtotoy/status/7531892820#m,gtotoy
58,7531878240,/fortunecookie38/status/7531878240#m,fortunecookie38
59,7531847973,/SkyTrader/status/7531847973#m,SkyTrader
60,7531842363,/Trending123/status/7531842363#m,Trending123
61,7530833082,/ugtrader/status/7530833082#m,ugtrader
62,7529840127,/brokerz_figures/status/7529840127#m,brokerz_figures
63,7528714702,/cheatsheet/status/7528714702#m,cheatsheet
64,7528061763,/brokerz_spx/status/7528061763#m,brokerz_spx
65,7528022584,/fortunecookie38/status/7528022584#m,fortunecookie38
66,7527870131,/TradingApples/status/7527870131#m,TradingApples
67,7527452689,/SkyTrader/status/7527452689#m,SkyTrader
68,7527189708,/fortunecookie38/status/7527189708#m,fortunecookie38
69,7526574220,/Contrahour/status/7526574220#m,Contrahour
70,7525867955,/Hobotrader/status/7525867955#m,Hobotrader
71,7525560835,/J012/status/7525560835#m,J012
72,7524655534,/phoneranger/status/7524655534#m,phoneranger
73,7523869003,/SkyTrader/status/7523869003#m,SkyTrader
74,7523235757,/raulc27/status/7523235757#m,raulc27
75,7522497784,/panamaorange/status/7522497784#m,panamaorange
76,7522445328,/panamaorange/status/7522445328#m,panamaorange
77,7521274824,/muathe/status/7521274824#m,muathe
78,7520963961,/aarontask/status/7520963961#m,aarontask
79,7520928299,/panamaorange/status/7520928299#m,panamaorange
80,7520840137,/SkyTrader/status/7520840137#m,SkyTrader
81,7520742932,/aarontask/status/7520742932#m,aarontask
82,7520044625,/BoardCentral/status/7520044625#m,BoardCentral
83,7520036365,/brokerz_spx/status/7520036365#m,brokerz_spx
84,7519835980,/STnet/status/7519835980#m,STnet
85,7519741204,/gkfinance/status/7519741204#m,gkfinance
86,7518471844,/ChartingStock/status/7518471844#m,ChartingStock
87,7518396099,/tkathlinastocks/status/7518396099#m,tkathlinastocks
88,7518289059,/ChartingStock/status/7518289059#m,ChartingStock
89,7518247382,/brokerz_spx/status/7518247382#m,brokerz_spx
90,7518121839,/whalewisdom/status/7518121839#m,whalewisdom
91,7518005953,/gtotoy/status/7518005953#m,gtotoy
92,7517558907,/KevinMHughes/status/7517558907#m,KevinMHughes
93,7517432098,/brokerz_spx/status/7517432098#m,brokerz_spx
94,7517387253,/alphatrends/status/7517387253#m,alphatrends
95,7517083698,/sp500trader/status/7517083698#m,sp500trader
96,7514319573,/steenbab/status/7514319573#m,steenbab
97,7503956573,/brokerz_spx/status/7503956573#m,brokerz_spx
98,7503926212,/brokerz_bullish/status/7503926212#m,brokerz_bullish
99,7503303771,/ichimokucharts/status/7503303771#m,ichimokucharts
100,7503303614,/Lazza134/status/7503303614#m,Lazza134
101,7502370796,/StockBlotter/status/7502370796#m,StockBlotter
102,7502283905,/alphatrends/status/7502283905#m,alphatrends
103,7501328370,/tkathlinastocks/status/7501328370#m,tkathlinastocks
104,7498342992,/Psando/status/7498342992#m,Psando
105,7497585320,/NCStockGuy/status/7497585320#m,NCStockGuy
106,7535985532,/ia_updates/status/7535985532#m,ia_updates
107,7534488500,/harmongreg/status/7534488500#m,harmongreg
108,7533464120,/toddstrade/status/7533464120#m,toddstrade
109,7532292610,/downtowntrader/status/7532292610#m,downtowntrader
110,7531892820,/gtotoy/status/7531892820#m,gtotoy
111,7531878240,/fortunecookie38/status/7531878240#m,fortunecookie38
112,7531847973,/SkyTrader/status/7531847973#m,SkyTrader
113,7531842363,/Trending123/status/7531842363#m,Trending123
114,7530833082,/ugtrader/status/7530833082#m,ugtrader
115,7529840127,/brokerz_figures/status/7529840127#m,brokerz_figures
116,7528714702,/cheatsheet/status/7528714702#m,cheatsheet
117,7528061763,/brokerz_spx/status/7528061763#m,brokerz_spx
118,7528022584,/fortunecookie38/status/7528022584#m,fortunecookie38
119,7527870131,/TradingApples/status/7527870131#m,TradingApples
120,7527452689,/SkyTrader/status/7527452689#m,SkyTrader
121,7527189708,/fortunecookie38/status/7527189708#m,fortunecookie38
122,7526574220,/Contrahour/status/7526574220#m,Contrahour
123,7525867955,/Hobotrader/status/7525867955#m,Hobotrader
124,7525560835,/J012/status/7525560835#m,J012
125,7524655534,/phoneranger/status/7524655534#m,phoneranger
126,7523869003,/SkyTrader/status/7523869003#m,SkyTrader
127,7523235757,/raulc27/status/7523235757#m,raulc27
128,7522497784,/panamaorange/status/7522497784#m,panamaorange
129,7522445328,/panamaorange/status/7522445328#m,panamaorange
130,7521274824,/muathe/status/7521274824#m,muathe
131,7520963961,/aarontask/status/7520963961#m,aarontask
132,7520928299,/panamaorange/status/7520928299#m,panamaorange
133,7520840137,/SkyTrader/status/7520840137#m,SkyTrader
134,7520742932,/aarontask/status/7520742932#m,aarontask
135,7520044625,/BoardCentral/status/7520044625#m,BoardCentral
136,7520036365,/brokerz_spx/status/7520036365#m,brokerz_spx
137,7519835980,/STnet/status/7519835980#m,STnet
138,7519741204,/gkfinance/status/7519741204#m,gkfinance
139,7518471844,/ChartingStock/status/7518471844#m,ChartingStock
140,7518396099,/tkathlinastocks/status/7518396099#m,tkathlinastocks
141,7518289059,/ChartingStock/status/7518289059#m,ChartingStock
142,7518247382,/brokerz_spx/status/7518247382#m,brokerz_spx
143,7518121839,/whalewisdom/status/7518121839#m,whalewisdom
144,7518005953,/gtotoy/status/7518005953#m,gtotoy
145,7517558907,/KevinMHughes/status/7517558907#m,KevinMHughes
146,7517432098,/brokerz_spx/status/7517432098#m,brokerz_spx
147,7517387253,/alphatrends/status/7517387253#m,alphatrends
148,7517083698,/sp500trader/status/7517083698#m,sp500trader
149,7514319573,/steenbab/status/7514319573#m,steenbab
150,7503956573,/brokerz_spx/status/7503956573#m,brokerz_spx
151,7503926212,/brokerz_bullish/status/7503926212#m,brokerz_bullish
152,7503303771,/ichimokucharts/status/7503303771#m,ichimokucharts
153,7503303614,/Lazza134/status/7503303614#m,Lazza134
154,7502370796,/StockBlotter/status/7502370796#m,StockBlotter
155,7502283905,/alphatrends/status/7502283905#m,alphatrends
156,7501328370,/tkathlinastocks/status/7501328370#m,tkathlinastocks
157,7498342992,/Psando/status/7498342992#m,Psando
158,7497585320,/NCStockGuy/status/7497585320#m,NCStockGuy
159,7535985532,/ia_updates/status/7535985532#m,ia_updates
160,7534488500,/harmongreg/status/7534488500#m,harmongreg
161,7533464120,/toddstrade/status/7533464120#m,toddstrade
162,7532292610,/downtowntrader/status/7532292610#m,downtowntrader
163,7531892820,/gtotoy/status/7531892820#m,gtotoy
164,7531878240,/fortunecookie38/status/7531878240#m,fortunecookie38
165,7531847973,/SkyTrader/status/7531847973#m,SkyTrader
166,7531842363,/Trending123/status/7531842363#m,Trending123
167,7530833082,/ugtrader/status/7530833082#m,ugtrader
168,7529840127,/brokerz_figures/status/7529840127#m,brokerz_figures
169,7528714702,/cheatsheet/status/7528714702#m,cheatsheet
170,7528061763,/brokerz_spx/status/7528061763#m,brokerz_spx
171,7528022584,/fortunecookie38/status/7528022584#m,fortunecookie38
172,7527870131,/TradingApples/status/7527870131#m,TradingApples
173,7527452689,/SkyTrader/status/7527452689#m,SkyTrader
174,7527189708,/fortunecookie38/status/7527189708#m,fortunecookie38
175,7526574220,/Contrahour/status/7526574220#m,Contrahour
176,7525867955,/Hobotrader/status/7525867955#m,Hobotrader
177,7525560835,/J012/status/7525560835#m,J012
178,7524655534,/phoneranger/status/7524655534#m,phoneranger
179,7523869003,/SkyTrader/status/7523869003#m,SkyTrader
180,7523235757,/raulc27/status/7523235757#m,raulc27
181,7522497784,/panamaorange/status/7522497784#m,panamaorange
182,7522445328,/panamaorange/status/7522445328#m,panamaorange
183,7521274824,/muathe/status/7521274824#m,muathe
184,7520963961,/aarontask/status/7520963961#m,aarontask
185,7520928299,/panamaorange/status/7520928299#m,panamaorange
186,7520840137,/SkyTrader/status/7520840137#m,SkyTrader
187,7520742932,/aarontask/status/7520742932#m,aarontask
188,7520044625,/BoardCentral/status/7520044625#m,BoardCentral
189,7520036365,/brokerz_spx/status/7520036365#m,brokerz_spx
190,7519835980,/STnet/status/7519835980#m,STnet
191,7519741204,/gkfinance/status/7519741204#m,gkfinance
192,7518471844,/ChartingStock/status/7518471844#m,ChartingStock
193,7518396099,/tkathlinastocks/status/7518396099#m,tkathlinastocks
194,7518289059,/ChartingStock/status/7518289059#m,ChartingStock
195,7518247382,/brokerz_spx/status/7518247382#m,brokerz_spx
196,7518121839,/whalewisdom/status/7518121839#m,whalewisdom
197,7518005953,/gtotoy/status/7518005953#m,gtotoy
198,7517558907,/KevinMHughes/status/7517558907#m,KevinMHughes
199,7517432098,/brokerz_spx/status/7517432098#m,brokerz_spx
200,7517387253,/alphatrends/status/7517387253#m,alphatrends
201,7517083698,/sp500trader/status/7517083698#m,sp500trader
202,7514319573,/steenbab/status/7514319573#m,steenbab
203,7503956573,/brokerz_spx/status/7503956573#m,brokerz_spx
204,7503926212,/brokerz_bullish/status/7503926212#m,brokerz_bullish
205,7503303771,/ichimokucharts/status/7503303771#m,ichimokucharts
206,7503303614,/Lazza134/status/7503303614#m,Lazza134
207,7502370796,/StockBlotter/status/7502370796#m,StockBlotter
208,7502283905,/alphatrends/status/7502283905#m,alphatrends
209,7501328370,/tkathlinastocks/status/7501328370#m,tkathlinastocks
210,7498342992,/Psando/status/7498342992#m,Psando
211,7497585320,/NCStockGuy/status/7497585320#m,NCStockGuy
212,7535985532,/ia_updates/status/7535985532#m,ia_updates
213,7534488500,/harmongreg/status/7534488500#m,harmongreg
214,7533464120,/toddstrade/status/7533464120#m,toddstrade
215,7532292610,/downtowntrader/status/7532292610#m,downtowntrader
216,7531892820,/gtotoy/status/7531892820#m,gtotoy
217,7531878240,/fortunecookie38/status/7531878240#m,fortunecookie38
218,7531847973,/SkyTrader/status/7531847973#m,SkyTrader
219,7531842363,/Trending123/status/7531842363#m,Trending123
220,7530833082,/ugtrader/status/7530833082#m,ugtrader
221,7529840127,/brokerz_figures/status/7529840127#m,brokerz_figures
222,7528714702,/cheatsheet/status/7528714702#m,cheatsheet
223,7528061763,/brokerz_spx/status/7528061763#m,brokerz_spx
224,7528022584,/fortunecookie38/status/7528022584#m,fortunecookie38
225,7527870131,/TradingApples/status/7527870131#m,TradingApples
226,7527452689,/SkyTrader/status/7527452689#m,SkyTrader
227,7527189708,/fortunecookie38/status/7527189708#m,fortunecookie38
228,7526574220,/Contrahour/status/7526574220#m,Contrahour
229,7525867955,/Hobotrader/status/7525867955#m,Hobotrader
230,7525560835,/J012/status/7525560835#m,J012
231,7524655534,/phoneranger/status/7524655534#m,phoneranger
232,7523869003,/SkyTrader/status/7523869003#m,SkyTrader
233,7523235757,/raulc27/status/7523235757#m,raulc27
234,7522497784,/panamaorange/status/7522497784#m,panamaorange
235,7522445328,/panamaorange/status/7522445328#m,panamaorange
236,7521274824,/muathe/status/7521274824#m,muathe
237,7520963961,/aarontask/status/7520963961#m,aarontask
238,7520928299,/panamaorange/status/7520928299#m,panamaorange
239,7520840137,/SkyTrader/status/7520840137#m,SkyTrader
240,7520742932,/aarontask/status/7520742932#m,aarontask
241,7520044625,/BoardCentral/status/7520044625#m,BoardCentral
242,7520036365,/brokerz_spx/status/7520036365#m,brokerz_spx
243,7519835980,/STnet/status/7519835980#m,STnet
244,7519741204,/gkfinance/status/7519741204#m,gkfinance
245,7518471844,/ChartingStock/status/7518471844#m,ChartingStock
246,7518396099,/tkathlinastocks/status/7518396099#m,tkathlinastocks
247,7518289059,/ChartingStock/status/7518289059#m,ChartingStock
248,7518247382,/brokerz_spx/status/7518247382#m,brokerz_spx
249,7518121839,/whalewisdom/status/7518121839#m,whalewisdom
250,7518005953,/gtotoy/status/7518005953#m,gtotoy
251,7517558907,/KevinMHughes/status/7517558907#m,KevinMHughes
252,7517432098,/brokerz_spx/status/7517432098#m,brokerz_spx
253,7517387253,/alphatrends/status/7517387253#m,alphatrends
254,7517083698,/sp500trader/status/7517083698#m,sp500trader
255,7514319573,/steenbab/status/7514319573#m,steenbab
256,7503956573,/brokerz_spx/status/7503956573#m,brokerz_spx
257,7503926212,/brokerz_bullish/status/7503926212#m,brokerz_bullish
258,7503303771,/ichimokucharts/status/7503303771#m,ichimokucharts
259,7503303614,/Lazza134/status/7503303614#m,Lazza134
260,7502370796,/StockBlotter/status/7502370796#m,StockBlotter
261,7502283905,/alphatrends/status/7502283905#m,alphatrends
262,7501328370,/tkathlinastocks/status/7501328370#m,tkathlinastocks
263,7498342992,/Psando/status/7498342992#m,Psando
264,7497585320,/NCStockGuy/status/7497585320#m,NCStockGuy
265,7535985532,/ia_updates/status/7535985532#m,ia_updates
266,7534488500,/harmongreg/status/7534488500#m,harmongreg
267,7533464120,/toddstrade/status/7533464120#m,toddstrade
268,7532292610,/downtowntrader/status/7532292610#m,downtowntrader
269,7531892820,/gtotoy/status/7531892820#m,gtotoy
270,7531878240,/fortunecookie38/status/7531878240#m,fortunecookie38
271,7531847973,/SkyTrader/status/7531847973#m,SkyTrader
272,7531842363,/Trending123/status/7531842363#m,Trending123
273,7530833082,/ugtrader/status/7530833082#m,ugtrader
274,7529840127,/brokerz_figures/status/7529840127#m,brokerz_figures
275,7528714702,/cheatsheet/status/7528714702#m,cheatsheet
276,7528061763,/brokerz_spx/status/7528061763#m,brokerz_spx
277,7528022584,/fortunecookie38/status/7528022584#m,fortunecookie38
278,7527870131,/TradingApples/status/7527870131#m,TradingApples
279,7527452689,/SkyTrader/status/7527452689#m,SkyTrader
280,7527189708,/fortunecookie38/status/7527189708#m,fortunecookie38
281,7526574220,/Contrahour/status/7526574220#m,Contrahour
282,7525867955,/Hobotrader/status/7525867955#m,Hobotrader
283,7525560835,/J012/status/7525560835#m,J012
284,7524655534,/phoneranger/status/7524655534#m,phoneranger
285,7523869003,/SkyTrader/status/7523869003#m,SkyTrader
286,7523235757,/raulc27/status/7523235757#m,raulc27
287,7522497784,/panamaorange/status/7522497784#m,panamaorange
288,7522445328,/panamaorange/status/7522445328#m,panamaorange
289,7521274824,/muathe/status/7521274824#m,muathe
290,7520963961,/aarontask/status/7520963961#m,aarontask
291,7520928299,/panamaorange/status/7520928299#m,panamaorange
292,7520840137,/SkyTrader/status/7520840137#m,SkyTrader
293,7520742932,/aarontask/status/7520742932#m,aarontask
294,7520044625,/BoardCentral/status/7520044625#m,BoardCentral
295,7520036365,/brokerz_spx/status/7520036365#m,brokerz_spx
296,7519835980,/STnet/status/7519835980#m,STnet
297,7519741204,/gkfinance/status/7519741204#m,gkfinance
298,7518471844,/ChartingStock/status/7518471844#m,ChartingStock
299,7518396099,/tkathlinastocks/status/7518396099#m,tkathlinastocks
300,7518289059,/ChartingStock/status/7518289059#m,ChartingStock
301,7518247382,/brokerz_spx/status/7518247382#m,brokerz_spx
302,7518121839,/whalewisdom/status/7518121839#m,whalewisdom
303,7518005953,/gtotoy/status/7518005953#m,gtotoy
304,7517558907,/KevinMHughes/status/7517558907#m,KevinMHughes
305,7517432098,/brokerz_spx/status/7517432098#m,brokerz_spx
306,7517387253,/alphatrends/status/7517387253#m,alphatrends
307,7517083698,/sp500trader/status/7517083698#m,sp500trader
308,7514319573,/steenbab/status/7514319573#m,steenbab
309,7503956573,/brokerz_spx/status/7503956573#m,brokerz_spx
310,7503926212,/brokerz_bullish/status/7503926212#m,brokerz_bullish
311,7503303771,/ichimokucharts/status/7503303771#m,ichimokucharts
312,7503303614,/Lazza134/status/7503303614#m,Lazza134
313,7502370796,/StockBlotter/status/7502370796#m,StockBlotter
314,7502283905,/alphatrends/status/7502283905#m,alphatrends
315,7501328370,/tkathlinastocks/status/7501328370#m,tkathlinastocks
316,7498342992,/Psando/status/7498342992#m,Psando
317,7497585320,/NCStockGuy/status/7497585320#m,NCStockGuy
318,7535985532,/ia_updates/status/7535985532#m,ia_updates
319,7534488500,/harmongreg/status/7534488500#m,harmongreg
320,7533464120,/toddstrade/status/7533464120#m,toddstrade
321,7532292610,/downtowntrader/status/7532292610#m,downtowntrader
322,7531892820,/gtotoy/status/7531892820#m,gtotoy
323,7531878240,/fortunecookie38/status/7531878240#m,fortunecookie38
324,7531847973,/SkyTrader/status/7531847973#m,SkyTrader
325,7531842363,/Trending123/status/7531842363#m,Trending123
326,7530833082,/ugtrader/status/7530833082#m,ugtrader
327,7529840127,/brokerz_figures/status/7529840127#m,brokerz_figures
328,7528714702,/cheatsheet/status/7528714702#m,cheatsheet
329,7528061763,/brokerz_spx/status/7528061763#m,brokerz_spx
330,7528022584,/fortunecookie38/status/7528022584#m,fortunecookie38
331,7527870131,/TradingApples/status/7527870131#m,TradingApples
332,7527452689,/SkyTrader/status/7527452689#m,SkyTrader
333,7527189708,/fortunecookie38/status/7527189708#m,fortunecookie38
334,7526574220,/Contrahour/status/7526574220#m,Contrahour
335,7525867955,/Hobotrader/status/7525867955#m,Hobotrader
336,7525560835,/J012/status/7525560835#m,J012
337,7524655534,/phoneranger/status/7524655534#m,phoneranger
338,7523869003,/SkyTrader/status/7523869003#m,SkyTrader
339,7523235757,/raulc27/status/7523235757#m,raulc27
340,7522497784,/panamaorange/status/7522497784#m,panamaorange
341,7522445328,/panamaorange/status/7522445328#m,panamaorange
342,7521274824,/muathe/status/7521274824#m,muathe
343,7520963961,/aarontask/status/7520963961#m,aarontask
344,7520928299,/panamaorange/status/7520928299#m,panamaorange
345,7520840137,/SkyTrader/status/7520840137#m,SkyTrader
346,7520742932,/aarontask/status/7520742932#m,aarontask
347,7520044625,/BoardCentral/status/7520044625#m,BoardCentral
348,7520036365,/brokerz_spx/status/7520036365#m,brokerz_spx
349,7519835980,/STnet/status/7519835980#m,STnet
350,7519741204,/gkfinance/status/7519741204#m,gkfinance
351,7518471844,/ChartingStock/status/7518471844#m,ChartingStock
352,7518396099,/tkathlinastocks/status/7518396099#m,tkathlinastocks
353,7518289059,/ChartingStock/status/7518289059#m,ChartingStock
354,7518247382,/brokerz_spx/status/7518247382#m,brokerz_spx
355,7518121839,/whalewisdom/status/7518121839#m,whalewisdom
356,7518005953,/gtotoy/status/7518005953#m,gtotoy
357,7517558907,/KevinMHughes/status/7517558907#m,KevinMHughes
358,7517432098,/brokerz_spx/status/7517432098#m,brokerz_spx
359,7517387253,/alphatrends/status/7517387253#m,alphatrends
360,7517083698,/sp500trader/status/7517083698#m,sp500trader
361,7514319573,/steenbab/status/7514319573#m,steenbab
362,7503956573,/brokerz_spx/status/7503956573#m,brokerz_spx
363,7503926212,/brokerz_bullish/status/7503926212#m,brokerz_bullish
364,7503303771,/ichimokucharts/status/7503303771#m,ichimokucharts
365,7503303614,/Lazza134/status/7503303614#m,Lazza134
366,7502370796,/StockBlotter/status/7502370796#m,StockBlotter
367,7502283905,/alphatrends/status/7502283905#m,alphatrends
368,7501328370,/tkathlinastocks/status/7501328370#m,tkathlinastocks
369,7498342992,/Psando/status/7498342992#m,Psando
370,7497585320,/NCStockGuy/status/7497585320#m,NCStockGuy
371,7535985532,/ia_updates/status/7535985532#m,ia_updates
372,7534488500,/harmongreg/status/7534488500#m,harmongreg
373,7533464120,/toddstrade/status/7533464120#m,toddstrade
374,7532292610,/downtowntrader/status/7532292610#m,downtowntrader
375,7531892820,/gtotoy/status/7531892820#m,gtotoy
376,7531878240,/fortunecookie38/status/7531878240#m,fortunecookie38
377,7531847973,/SkyTrader/status/7531847973#m,SkyTrader
378,7531842363,/Trending123/status/7531842363#m,Trending123
379,7530833082,/ugtrader/status/7530833082#m,ugtrader
380,7529840127,/brokerz_figures/status/7529840127#m,brokerz_figures
381,7528714702,/cheatsheet/status/7528714702#m,cheatsheet
382,7528061763,/brokerz_spx/status/7528061763#m,brokerz_spx
383,7528022584,/fortunecookie38/status/7528022584#m,fortunecookie38
384,7527870131,/TradingApples/status/7527870131#m,TradingApples
385,7527452689,/SkyTrader/status/7527452689#m,SkyTrader
386,7527189708,/fortunecookie38/status/7527189708#m,fortunecookie38
387,7526574220,/Contrahour/status/7526574220#m,Contrahour
388,7525867955,/Hobotrader/status/7525867955#m,Hobotrader
389,7525560835,/J012/status/7525560835#m,J012
390,7524655534,/phoneranger/status/7524655534#m,phoneranger
391,7523869003,/SkyTrader/status/7523869003#m,SkyTrader
392,7523235757,/raulc27/status/7523235757#m,raulc27
393,7522497784,/panamaorange/status/7522497784#m,panamaorange
394,7522445328,/panamaorange/status/7522445328#m,panamaorange
395,7521274824,/muathe/status/7521274824#m,muathe
396,7520963961,/aarontask/status/7520963961#m,aarontask
397,7520928299,/panamaorange/status/7520928299#m,panamaorange
398,7520840137,/SkyTrader/status/7520840137#m,SkyTrader
399,7520742932,/aarontask/status/7520742932#m,aarontask
400,7520044625,/BoardCentral/status/7520044625#m,BoardCentral
401,7520036365,/brokerz_spx/status/7520036365#m,brokerz_spx
402,7519835980,/STnet/status/7519835980#m,STnet
403,7519741204,/gkfinance/status/7519741204#m,gkfinance
404,7518471844,/ChartingStock/status/7518471844#m,ChartingStock
405,7518396099,/tkathlinastocks/status/7518396099#m,tkathlinastocks
406,7518289059,/ChartingStock/status/7518289059#m,ChartingStock
407,7518247382,/brokerz_spx/status/7518247382#m,brokerz_spx
408,7518121839,/whalewisdom/status/7518121839#m,whalewisdom
409,7518005953,/gtotoy/status/7518005953#m,gtotoy
410,7517558907,/KevinMHughes/status/7517558907#m,KevinMHughes
411,7517432098,/brokerz_spx/status/7517432098#m,brokerz_spx
412,7517387253,/alphatrends/status/7517387253#m,alphatrends
413,7517083698,/sp500trader/status/7517083698#m,sp500trader
414,7514319573,/steenbab/status/7514319573#m,steenbab
415,7503956573,/brokerz_spx/status/7503956573#m,brokerz_spx
416,7503926212,/brokerz_bullish/status/7503926212#m,brokerz_bullish
417,7503303771,/ichimokucharts/status/7503303771#m,ichimokucharts
418,7503303614,/Lazza134/status/7503303614#m,Lazza134
419,7502370796,/StockBlotter/status/7502370796#m,StockBlotter
420,7502283905,/alphatrends/status/7502283905#m,alphatrends
421,7501328370,/tkathlinastocks/status/7501328370#m,tkathlinastocks
422,7498342992,/Psando/status/7498342992#m,Psando
423,7497585320,/NCStockGuy/status/7497585320#m,NCStockGuy
424,7535985532,/ia_updates/status/7535985532#m,ia_updates
425,7534488500,/harmongreg/status/7534488500#m,harmongreg
426,7533464120,/toddstrade/status/7533464120#m,toddstrade
427,7532292610,/downtowntrader/status/7532292610#m,downtowntrader
428,7531892820,/gtotoy/status/7531892820#m,gtotoy
429,7531878240,/fortunecookie38/status/7531878240#m,fortunecookie38
430,7531847973,/SkyTrader/status/7531847973#m,SkyTrader
431,7531842363,/Trending123/status/7531842363#m,Trending123
432,7530833082,/ugtrader/status/7530833082#m,ugtrader
433,7529840127,/brokerz_figures/status/7529840127#m,brokerz_figures
434,7528714702,/cheatsheet/status/7528714702#m,cheatsheet
435,7528061763,/brokerz_spx/status/7528061763#m,brokerz_spx
436,7528022584,/fortunecookie38/status/7528022584#m,fortunecookie38
437,7527870131,/TradingApples/status/7527870131#m,TradingApples
438,7527452689,/SkyTrader/status/7527452689#m,SkyTrader
439,7527189708,/fortunecookie38/status/7527189708#m,fortunecookie38
440,7526574220,/Contrahour/status/7526574220#m,Contrahour
441,7525867955,/Hobotrader/status/7525867955#m,Hobotrader
442,7525560835,/J012/status/7525560835#m,J012
443,7524655534,/phoneranger/status/7524655534#m,phoneranger
444,7523869003,/SkyTrader/status/7523869003#m,SkyTrader
445,7523235757,/raulc27/status/7523235757#m,raulc27
446,7522497784,/panamaorange/status/7522497784#m,panamaorange
447,7522445328,/panamaorange/status/7522445328#m,panamaorange
448,7521274824,/muathe/status/7521274824#m,muathe
449,7520963961,/aarontask/status/7520963961#m,aarontask
450,7520928299,/panamaorange/status/7520928299#m,panamaorange
451,7520840137,/SkyTrader/status/7520840137#m,SkyTrader
452,7520742932,/aarontask/status/7520742932#m,aarontask
453,7520044625,/BoardCentral/status/7520044625#m,BoardCentral
454,7520036365,/brokerz_spx/status/7520036365#m,brokerz_spx
455,7519835980,/STnet/status/7519835980#m,STnet
456,7519741204,/gkfinance/status/7519741204#m,gkfinance
457,7518471844,/ChartingStock/status/7518471844#m,ChartingStock
458,7518396099,/tkathlinastocks/status/7518396099#m,tkathlinastocks
459,7518289059,/ChartingStock/status/7518289059#m,ChartingStock
460,7518247382,/brokerz_spx/status/7518247382#m,brokerz_spx
461,7518121839,/whalewisdom/status/7518121839#m,whalewisdom
462,7518005953,/gtotoy/status/7518005953#m,gtotoy
463,7517558907,/KevinMHughes/status/7517558907#m,KevinMHughes
464,7517432098,/brokerz_spx/status/7517432098#m,brokerz_spx
465,7517387253,/alphatrends/status/7517387253#m,alphatrends
466,7517083698,/sp500trader/status/7517083698#m,sp500trader
467,7514319573,/steenbab/status/7514319573#m,steenbab
468,7503956573,/brokerz_spx/status/7503956573#m,brokerz_spx
469,7503926212,/brokerz_bullish/status/7503926212#m,brokerz_bullish
470,7503303771,/ichimokucharts/status/7503303771#m,ichimokucharts
471,7503303614,/Lazza134/status/7503303614#m,Lazza134
472,7502370796,/StockBlotter/status/7502370796#m,StockBlotter
473,7502283905,/alphatrends/status/7502283905#m,alphatrends
474,7501328370,/tkathlinastocks/status/7501328370#m,tkathlinastocks
475,7498342992,/Psando/status/7498342992#m,Psando
476,7497585320,/NCStockGuy/status/7497585320#m,NCStockGuy
477,7535985532,/ia_updates/status/7535985532#m,ia_updates
478,7534488500,/harmongreg/status/7534488500#m,harmongreg
479,7533464120,/toddstrade/status/7533464120#m,toddstrade
480,7532292610,/downtowntrader/status/7532292610#m,downtowntrader
481,7531892820,/gtotoy/status/7531892820#m,gtotoy
482,7531878240,/fortunecookie38/status/7531878240#m,fortunecookie38
483,7531847973,/SkyTrader/status/7531847973#m,SkyTrader
484,7531842363,/Trending123/status/7531842363#m,Trending123
485,7530833082,/ugtrader/status/7530833082#m,ugtrader
486,7529840127,/brokerz_figures/status/7529840127#m,brokerz_figures
487,7528714702,/cheatsheet/status/7528714702#m,cheatsheet
488,7528061763,/brokerz_spx/status/7528061763#m,brokerz_spx
489,7528022584,/fortunecookie38/status/7528022584#m,fortunecookie38
490,7527870131,/TradingApples/status/7527870131#m,TradingApples
491,7527452689,/SkyTrader/status/7527452689#m,SkyTrader
492,7527189708,/fortunecookie38/status/7527189708#m,fortunecookie38
493,7526574220,/Contrahour/status/7526574220#m,Contrahour
494,7525867955,/Hobotrader/status/7525867955#m,Hobotrader
495,7525560835,/J012/status/7525560835#m,J012
496,7524655534,/phoneranger/status/7524655534#m,phoneranger
497,7523869003,/SkyTrader/status/7523869003#m,SkyTrader
498,7523235757,/raulc27/status/7523235757#m,raulc27
499,7522497784,/panamaorange/status/7522497784#m,panamaorange
500,7522445328,/panamaorange/status/7522445328#m,panamaorange
501,7521274824,/muathe/status/7521274824#m,muathe
502,7520963961,/aarontask/status/7520963961#m,aarontask
503,7520928299,/panamaorange/status/7520928299#m,panamaorange
504,7520840137,/SkyTrader/status/7520840137#m,SkyTrader
505,7520742932,/aarontask/status/7520742932#m,aarontask
506,7520044625,/BoardCentral/status/7520044625#m,BoardCentral
507,7520036365,/brokerz_spx/status/7520036365#m,brokerz_spx
508,7519835980,/STnet/status/7519835980#m,STnet
509,7519741204,/gkfinance/status/7519741204#m,gkfinance
510,7518471844,/ChartingStock/status/7518471844#m,ChartingStock
511,7518396099,/tkathlinastocks/status/7518396099#m,tkathlinastocks
512,7518289059,/ChartingStock/status/7518289059#m,ChartingStock
513,7518247382,/brokerz_spx/status/7518247382#m,brokerz_spx
514,7518121839,/whalewisdom/status/7518121839#m,whalewisdom
515,7518005953,/gtotoy/status/7518005953#m,gtotoy
516,7517558907,/KevinMHughes/status/7517558907#m,KevinMHughes
517,7517432098,/brokerz_spx/status/7517432098#m,brokerz_spx
518,7517387253,/alphatrends/status/7517387253#m,alphatrends
519,7517083698,/sp500trader/status/7517083698#m,sp500trader
520,7514319573,/steenbab/status/7514319573#m,steenbab
521,7503956573,/brokerz_spx/status/7503956573#m,brokerz_spx
522,7503926212,/brokerz_bullish/status/7503926212#m,brokerz_bullish
523,7503303771,/ichimokucharts/status/7503303771#m,ichimokucharts
524,7503303614,/Lazza134/status/7503303614#m,Lazza134
525,7502370796,/StockBlotter/status/7502370796#m,StockBlotter
526,7502283905,/alphatrends/status/7502283905#m,alphatrends
527,7501328370,/tkathlinastocks/status/7501328370#m,tkathlinastocks
528,7498342992,/Psando/status/7498342992#m,Psando
529,7497585320,/NCStockGuy/status/7497585320#m,NCStockGuy
530,7535985532,/ia_updates/status/7535985532#m,ia_updates
531,7534488500,/harmongreg/status/7534488500#m,harmongreg
532,7533464120,/toddstrade/status/7533464120#m,toddstrade
533,7532292610,/downtowntrader/status/7532292610#m,downtowntrader
534,7531892820,/gtotoy/status/7531892820#m,gtotoy
535,7531878240,/fortunecookie38/status/7531878240#m,fortunecookie38
536,7531847973,/SkyTrader/status/7531847973#m,SkyTrader
537,7531842363,/Trending123/status/7531842363#m,Trending123
538,7530833082,/ugtrader/status/7530833082#m,ugtrader
539,7529840127,/brokerz_figures/status/7529840127#m,brokerz_figures
540,7528714702,/cheatsheet/status/7528714702#m,cheatsheet
541,7528061763,/brokerz_spx/status/7528061763#m,brokerz_spx
542,7528022584,/fortunecookie38/status/7528022584#m,fortunecookie38
543,7527870131,/TradingApples/status/7527870131#m,TradingApples
544,7527452689,/SkyTrader/status/7527452689#m,SkyTrader
545,7527189708,/fortunecookie38/status/7527189708#m,fortunecookie38
546,7526574220,/Contrahour/status/7526574220#m,Contrahour
547,7525867955,/Hobotrader/status/7525867955#m,Hobotrader
548,7525560835,/J012/status/7525560835#m,J012
549,7524655534,/phoneranger/status/7524655534#m,phoneranger
550,7523869003,/SkyTrader/status/7523869003#m,SkyTrader
551,7523235757,/raulc27/status/7523235757#m,raulc27
552,7522497784,/panamaorange/status/7522497784#m,panamaorange
553,7522445328,/panamaorange/status/7522445328#m,panamaorange
554,7521274824,/muathe/status/7521274824#m,muathe
555,7520963961,/aarontask/status/7520963961#m,aarontask
556,7520928299,/panamaorange/status/7520928299#m,panamaorange
557,7520840137,/SkyTrader/status/7520840137#m,SkyTrader
558,7520742932,/aarontask/status/7520742932#m,aarontask
559,7520044625,/BoardCentral/status/7520044625#m,BoardCentral
560,7520036365,/brokerz_spx/status/7520036365#m,brokerz_spx
561,7519835980,/STnet/status/7519835980#m,STnet
562,7519741204,/gkfinance/status/7519741204#m,gkfinance
563,7518471844,/ChartingStock/status/7518471844#m,ChartingStock
564,7518396099,/tkathlinastocks/status/7518396099#m,tkathlinastocks
565,7518289059,/ChartingStock/status/7518289059#m,ChartingStock
566,7518247382,/brokerz_spx/status/7518247382#m,brokerz_spx
567,7518121839,/whalewisdom/status/7518121839#m,whalewisdom
568,7518005953,/gtotoy/status/7518005953#m,gtotoy
569,7517558907,/KevinMHughes/status/7517558907#m,KevinMHughes
570,7517432098,/brokerz_spx/status/7517432098#m,brokerz_spx
571,7517387253,/alphatrends/status/7517387253#m,alphatrends
572,7517083698,/sp500trader/status/7517083698#m,sp500trader
573,7514319573,/steenbab/status/7514319573#m,steenbab
574,7503956573,/brokerz_spx/status/7503956573#m,brokerz_spx
575,7503926212,/brokerz_bullish/status/7503926212#m,brokerz_bullish
576,7503303771,/ichimokucharts/status/7503303771#m,ichimokucharts
577,7503303614,/Lazza134/status/7503303614#m,Lazza134
578,7502370796,/StockBlotter/status/7502370796#m,StockBlotter
579,7502283905,/alphatrends/status/7502283905#m,alphatrends
580,7501328370,/tkathlinastocks/status/7501328370#m,tkathlinastocks
581,7498342992,/Psando/status/7498342992#m,Psando
582,7497585320,/NCStockGuy/status/7497585320#m,NCStockGuy
583,7535985532,/ia_updates/status/7535985532#m,ia_updates
584,7534488500,/harmongreg/status/7534488500#m,harmongreg
585,7533464120,/toddstrade/status/7533464120#m,toddstrade
586,7532292610,/downtowntrader/status/7532292610#m,downtowntrader
587,7531892820,/gtotoy/status/7531892820#m,gtotoy
588,7531878240,/fortunecookie38/status/7531878240#m,fortunecookie38
589,7531847973,/SkyTrader/status/7531847973#m,SkyTrader
590,7531842363,/Trending123/status/7531842363#m,Trending123
591,7530833082,/ugtrader/status/7530833082#m,ugtrader
592,7529840127,/brokerz_figures/status/7529840127#m,brokerz_figures
593,7528714702,/cheatsheet/status/7528714702#m,cheatsheet
594,7528061763,/brokerz_spx/status/7528061763#m,brokerz_spx
595,7528022584,/fortunecookie38/status/7528022584#m,fortunecookie38
596,7527870131,/TradingApples/status/7527870131#m,TradingApples
597,7527452689,/SkyTrader/status/7527452689#m,SkyTrader
598,7527189708,/fortunecookie38/status/7527189708#m,fortunecookie38
599,7526574220,/Contrahour/status/7526574220#m,Contrahour
600,7525867955,/Hobotrader/status/7525867955#m,Hobotrader
601,7525560835,/J012/status/7525560835#m,J012
602,7524655534,/phoneranger/status/7524655534#m,phoneranger
603,7523869003,/SkyTrader/status/7523869003#m,SkyTrader
604,7523235757,/raulc27/status/7523235757#m,raulc27
605,7522497784,/panamaorange/status/7522497784#m,panamaorange
606,7522445328,/panamaorange/status/7522445328#m,panamaorange
607,7521274824,/muathe/status/7521274824#m,muathe
608,7520963961,/aarontask/status/7520963961#m,aarontask
609,7520928299,/panamaorange/status/7520928299#m,panamaorange
610,7520840137,/SkyTrader/status/7520840137#m,SkyTrader
611,7520742932,/aarontask/status/7520742932#m,aarontask
612,7520044625,/BoardCentral/status/7520044625#m,BoardCentral
613,7520036365,/brokerz_spx/status/7520036365#m,brokerz_spx
614,7519835980,/STnet/status/7519835980#m,STnet
615,7519741204,/gkfinance/status/7519741204#m,gkfinance
616,7518471844,/ChartingStock/status/7518471844#m,ChartingStock
617,7518396099,/tkathlinastocks/status/7518396099#m,tkathlinastocks
618,7518289059,/ChartingStock/status/7518289059#m,ChartingStock
619,7518247382,/brokerz_spx/status/7518247382#m,brokerz_spx
620,7518121839,/whalewisdom/status/7518121839#m,whalewisdom
621,7518005953,/gtotoy/status/7518005953#m,gtotoy
622,7517558907,/KevinMHughes/status/7517558907#m,KevinMHughes
623,7517432098,/brokerz_spx/status/7517432098#m,brokerz_spx
624,7517387253,/alphatrends/status/7517387253#m,alphatrends
625,7517083698,/sp500trader/status/7517083698#m,sp500trader
626,7514319573,/steenbab/status/7514319573#m,steenbab
627,7503956573,/brokerz_spx/status/7503956573#m,brokerz_spx
628,7503926212,/brokerz_bullish/status/7503926212#m,brokerz_bullish
629,7503303771,/ichimokucharts/status/7503303771#m,ichimokucharts
630,7503303614,/Lazza134/status/7503303614#m,Lazza134
631,7502370796,/StockBlotter/status/7502370796#m,StockBlotter
632,7502283905,/alphatrends/status/7502283905#m,alphatrends
633,7501328370,/tkathlinastocks/status/7501328370#m,tkathlinastocks
634,7498342992,/Psando/status/7498342992#m,Psando
635,7497585320,/NCStockGuy/status/7497585320#m,NCStockGuy
636,7535985532,/ia_updates/status/7535985532#m,ia_updates
637,7534488500,/harmongreg/status/7534488500#m,harmongreg
638,7533464120,/toddstrade/status/7533464120#m,toddstrade
639,7532292610,/downtowntrader/status/7532292610#m,downtowntrader
640,7531892820,/gtotoy/status/7531892820#m,gtotoy
641,7531878240,/fortunecookie38/status/7531878240#m,fortunecookie38
642,7531847973,/SkyTrader/status/7531847973#m,SkyTrader
643,7531842363,/Trending123/status/7531842363#m,Trending123
644,7530833082,/ugtrader/status/7530833082#m,ugtrader
645,7529840127,/brokerz_figures/status/7529840127#m,brokerz_figures
646,7528714702,/cheatsheet/status/7528714702#m,cheatsheet
647,7528061763,/brokerz_spx/status/7528061763#m,brokerz_spx
648,7528022584,/fortunecookie38/status/7528022584#m,fortunecookie38
649,7527870131,/TradingApples/status/7527870131#m,TradingApples
650,7527452689,/SkyTrader/status/7527452689#m,SkyTrader
651,7527189708,/fortunecookie38/status/7527189708#m,fortunecookie38
652,7526574220,/Contrahour/status/7526574220#m,Contrahour
653,7525867955,/Hobotrader/status/7525867955#m,Hobotrader
654,7525560835,/J012/status/7525560835#m,J012
655,7524655534,/phoneranger/status/7524655534#m,phoneranger
656,7523869003,/SkyTrader/status/7523869003#m,SkyTrader
657,7523235757,/raulc27/status/7523235757#m,raulc27
658,7522497784,/panamaorange/status/7522497784#m,panamaorange
659,7522445328,/panamaorange/status/7522445328#m,panamaorange
660,7521274824,/muathe/status/7521274824#m,muathe
661,7520963961,/aarontask/status/7520963961#m,aarontask
662,7520928299,/panamaorange/status/7520928299#m,panamaorange
663,7520840137,/SkyTrader/status/7520840137#m,SkyTrader
664,7520742932,/aarontask/status/7520742932#m,aarontask
665,7520044625,/BoardCentral/status/7520044625#m,BoardCentral
666,7520036365,/brokerz_spx/status/7520036365#m,brokerz_spx
667,7519835980,/STnet/status/7519835980#m,STnet
668,7519741204,/gkfinance/status/7519741204#m,gkfinance
669,7518471844,/ChartingStock/status/7518471844#m,ChartingStock
670,7518396099,/tkathlinastocks/status/7518396099#m,tkathlinastocks
671,7518289059,/ChartingStock/status/7518289059#m,ChartingStock
672,7518247382,/brokerz_spx/status/7518247382#m,brokerz_spx
673,7518121839,/whalewisdom/status/7518121839#m,whalewisdom
674,7518005953,/gtotoy/status/7518005953#m,gtotoy
675,7517558907,/KevinMHughes/status/7517558907#m,KevinMHughes
676,7517432098,/brokerz_spx/status/7517432098#m,brokerz_spx
677,7517387253,/alphatrends/status/7517387253#m,alphatrends
678,7517083698,/sp500trader/status/7517083698#m,sp500trader
679,7514319573,/steenbab/status/7514319573#m,steenbab
680,7503956573,/brokerz_spx/status/7503956573#m,brokerz_spx
681,7503926212,/brokerz_bullish/status/7503926212#m,brokerz_bullish
682,7503303771,/ichimokucharts/status/7503303771#m,ichimokucharts
683,7503303614,/Lazza134/status/7503303614#m,Lazza134
684,7502370796,/StockBlotter/status/7502370796#m,StockBlotter
685,7502283905,/alphatrends/status/7502283905#m,alphatrends
686,7501328370,/tkathlinastocks/status/7501328370#m,tkathlinastocks
687,7498342992,/Psando/status/7498342992#m,Psando
688,7497585320,/NCStockGuy/status/7497585320#m,NCStockGuy
689,7535985532,/ia_updates/status/7535985532#m,ia_updates
690,7534488500,/harmongreg/status/7534488500#m,harmongreg
691,7533464120,/toddstrade/status/7533464120#m,toddstrade
692,7532292610,/downtowntrader/status/7532292610#m,downtowntrader
693,7531892820,/gtotoy/status/7531892820#m,gtotoy
694,7531878240,/fortunecookie38/status/7531878240#m,fortunecookie38
695,7531847973,/SkyTrader/status/7531847973#m,SkyTrader
696,7531842363,/Trending123/status/7531842363#m,Trending123
697,7530833082,/ugtrader/status/7530833082#m,ugtrader
698,7529840127,/brokerz_figures/status/7529840127#m,brokerz_figures
699,7528714702,/cheatsheet/status/7528714702#m,cheatsheet
700,7528061763,/brokerz_spx/status/7528061763#m,brokerz_spx
701,7528022584,/fortunecookie38/status/7528022584#m,fortunecookie38
702,7527870131,/TradingApples/status/7527870131#m,TradingApples
703,7527452689,/SkyTrader/status/7527452689#m,SkyTrader
704,7527189708,/fortunecookie38/status/7527189708#m,fortunecookie38
705,7526574220,/Contrahour/status/7526574220#m,Contrahour
706,7525867955,/Hobotrader/status/7525867955#m,Hobotrader
707,7525560835,/J012/status/7525560835#m,J012
708,7524655534,/phoneranger/status/7524655534#m,phoneranger
709,7523869003,/SkyTrader/status/7523869003#m,SkyTrader
710,7523235757,/raulc27/status/7523235757#m,raulc27
711,7522497784,/panamaorange/status/7522497784#m,panamaorange
712,7522445328,/panamaorange/status/7522445328#m,panamaorange
713,7521274824,/muathe/status/7521274824#m,muathe
714,7520963961,/aarontask/status/7520963961#m,aarontask
715,7520928299,/panamaorange/status/7520928299#m,panamaorange
716,7520840137,/SkyTrader/status/7520840137#m,SkyTrader
717,7520742932,/aarontask/status/7520742932#m,aarontask
718,7520044625,/BoardCentral/status/7520044625#m,BoardCentral
719,7520036365,/brokerz_spx/status/7520036365#m,brokerz_spx
720,7519835980,/STnet/status/7519835980#m,STnet
721,7519741204,/gkfinance/status/7519741204#m,gkfinance
722,7518471844,/ChartingStock/status/7518471844#m,ChartingStock
723,7518396099,/tkathlinastocks/status/7518396099#m,tkathlinastocks
724,7518289059,/ChartingStock/status/7518289059#m,ChartingStock
725,7518247382,/brokerz_spx/status/7518247382#m,brokerz_spx
726,7518121839,/whalewisdom/status/7518121839#m,whalewisdom
727,7518005953,/gtotoy/status/7518005953#m,gtotoy
728,7517558907,/KevinMHughes/status/7517558907#m,KevinMHughes
729,7517432098,/brokerz_spx/status/7517432098#m,brokerz_spx
730,7517387253,/alphatrends/status/7517387253#m,alphatrends
731,7517083698,/sp500trader/status/7517083698#m,sp500trader
732,7514319573,/steenbab/status/7514319573#m,steenbab
733,7503956573,/brokerz_spx/status/7503956573#m,brokerz_spx
734,7503926212,/brokerz_bullish/status/7503926212#m,brokerz_bullish
735,7503303771,/ichimokucharts/status/7503303771#m,ichimokucharts
736,7503303614,/Lazza134/status/7503303614#m,Lazza134
737,7502370796,/StockBlotter/status/7502370796#m,StockBlotter
738,7502283905,/alphatrends/status/7502283905#m,alphatrends
739,7501328370,/tkathlinastocks/status/7501328370#m,tkathlinastocks
740,7498342992,/Psando/status/7498342992#m,Psando
741,7497585320,/NCStockGuy/status/7497585320#m,NCStockGuy
742,7535985532,/ia_updates/status/7535985532#m,ia_updates
743,7534488500,/harmongreg/status/7534488500#m,harmongreg
744,7533464120,/toddstrade/status/7533464120#m,toddstrade
745,7532292610,/downtowntrader/status/7532292610#m,downtowntrader
746,7531892820,/gtotoy/status/7531892820#m,gtotoy
747,7531878240,/fortunecookie38/status/7531878240#m,fortunecookie38
748,7531847973,/SkyTrader/status/7531847973#m,SkyTrader
749,7531842363,/Trending123/status/7531842363#m,Trending123
750,7530833082,/ugtrader/status/7530833082#m,ugtrader
751,7529840127,/brokerz_figures/status/7529840127#m,brokerz_figures
752,7528714702,/cheatsheet/status/7528714702#m,cheatsheet
753,7528061763,/brokerz_spx/status/7528061763#m,brokerz_spx
754,7528022584,/fortunecookie38/status/7528022584#m,fortunecookie38
755,7527870131,/TradingApples/status/7527870131#m,TradingApples
756,7527452689,/SkyTrader/status/7527452689#m,SkyTrader
757,7527189708,/fortunecookie38/status/7527189708#m,fortunecookie38
758,7526574220,/Contrahour/status/7526574220#m,Contrahour
759,7525867955,/Hobotrader/status/7525867955#m,Hobotrader
760,7525560835,/J012/status/7525560835#m,J012
761,7524655534,/phoneranger/status/7524655534#m,phoneranger
762,7523869003,/SkyTrader/status/7523869003#m,SkyTrader
763,7523235757,/raulc27/status/7523235757#m,raulc27
764,7522497784,/panamaorange/status/7522497784#m,panamaorange
765,7522445328,/panamaorange/status/7522445328#m,panamaorange
766,7521274824,/muathe/status/7521274824#m,muathe
767,7520963961,/aarontask/status/7520963961#m,aarontask
768,7520928299,/panamaorange/status/7520928299#m,panamaorange
769,7520840137,/SkyTrader/status/7520840137#m,SkyTrader
770,7520742932,/aarontask/status/7520742932#m,aarontask
771,7520044625,/BoardCentral/status/7520044625#m,BoardCentral
772,7520036365,/brokerz_spx/status/7520036365#m,brokerz_spx
773,7519835980,/STnet/status/7519835980#m,STnet
774,7519741204,/gkfinance/status/7519741204#m,gkfinance
775,7518471844,/ChartingStock/status/7518471844#m,ChartingStock
776,7518396099,/tkathlinastocks/status/7518396099#m,tkathlinastocks
777,7518289059,/ChartingStock/status/7518289059#m,ChartingStock
778,7518247382,/brokerz_spx/status/7518247382#m,brokerz_spx
779,7518121839,/whalewisdom/status/7518121839#m,whalewisdom
780,7518005953,/gtotoy/status/7518005953#m,gtotoy
781,7517558907,/KevinMHughes/status/7517558907#m,KevinMHughes
782,7517432098,/brokerz_spx/status/7517432098#m,brokerz_spx
783,7517387253,/alphatrends/status/7517387253#m,alphatrends
784,7517083698,/sp500trader/status/7517083698#m,sp500trader
785,7514319573,/steenbab/status/7514319573#m,steenbab
786,7503956573,/brokerz_spx/status/7503956573#m,brokerz_spx
787,7503926212,/brokerz_bullish/status/7503926212#m,brokerz_bullish
788,7503303771,/ichimokucharts/status/7503303771#m,ichimokucharts
789,7503303614,/Lazza134/status/7503303614#m,Lazza134
790,7502370796,/StockBlotter/status/7502370796#m,StockBlotter
791,7502283905,/alphatrends/status/7502283905#m,alphatrends
792,7501328370,/tkathlinastocks/status/7501328370#m,tkathlinastocks
793,7498342992,/Psando/status/7498342992#m,Psando
794,7497585320,/NCStockGuy/status/7497585320#m,NCStockGuy
795,7535985532,/ia_updates/status/7535985532#m,ia_updates
796,7534488500,/harmongreg/status/7534488500#m,harmongreg
797,7533464120,/toddstrade/status/7533464120#m,toddstrade
798,7532292610,/downtowntrader/status/7532292610#m,downtowntrader
799,7531892820,/gtotoy/status/7531892820#m,gtotoy
800,7531878240,/fortunecookie38/status/7531878240#m,fortunecookie38
801,7531847973,/SkyTrader/status/7531847973#m,SkyTrader
802,7531842363,/Trending123/status/7531842363#m,Trending123
803,7530833082,/ugtrader/status/7530833082#m,ugtrader
804,7529840127,/brokerz_figures/status/7529840127#m,brokerz_figures
805,7528714702,/cheatsheet/status/7528714702#m,cheatsheet
806,7528061763,/brokerz_spx/status/7528061763#m,brokerz_spx
807,7528022584,/fortunecookie38/status/7528022584#m,fortunecookie38
808,7527870131,/TradingApples/status/7527870131#m,TradingApples
809,7527452689,/SkyTrader/status/7527452689#m,SkyTrader
810,7527189708,/fortunecookie38/status/7527189708#m,fortunecookie38
811,7526574220,/Contrahour/status/7526574220#m,Contrahour
812,7525867955,/Hobotrader/status/7525867955#m,Hobotrader
813,7525560835,/J012/status/7525560835#m,J012
814,7524655534,/phoneranger/status/7524655534#m,phoneranger
815,7523869003,/SkyTrader/status/7523869003#m,SkyTrader
816,7523235757,/raulc27/status/7523235757#m,raulc27
817,7522497784,/panamaorange/status/7522497784#m,panamaorange
818,7522445328,/panamaorange/status/7522445328#m,panamaorange
819,7521274824,/muathe/status/7521274824#m,muathe
820,7520963961,/aarontask/status/7520963961#m,aarontask
821,7520928299,/panamaorange/status/7520928299#m,panamaorange
822,7520840137,/SkyTrader/status/7520840137#m,SkyTrader
823,7520742932,/aarontask/status/7520742932#m,aarontask
824,7520044625,/BoardCentral/status/7520044625#m,BoardCentral
825,7520036365,/brokerz_spx/status/7520036365#m,brokerz_spx
826,7519835980,/STnet/status/7519835980#m,STnet
827,7519741204,/gkfinance/status/7519741204#m,gkfinance
828,7518471844,/ChartingStock/status/7518471844#m,ChartingStock
829,7518396099,/tkathlinastocks/status/7518396099#m,tkathlinastocks
830,7518289059,/ChartingStock/status/7518289059#m,ChartingStock
831,7518247382,/brokerz_spx/status/7518247382#m,brokerz_spx
832,7518121839,/whalewisdom/status/7518121839#m,whalewisdom
833,7518005953,/gtotoy/status/7518005953#m,gtotoy
834,7517558907,/KevinMHughes/status/7517558907#m,KevinMHughes
835,7517432098,/brokerz_spx/status/7517432098#m,brokerz_spx
836,7517387253,/alphatrends/status/7517387253#m,alphatrends
837,7517083698,/sp500trader/status/7517083698#m,sp500trader
838,7514319573,/steenbab/status/7514319573#m,steenbab
839,7503956573,/brokerz_spx/status/7503956573#m,brokerz_spx
840,7503926212,/brokerz_bullish/status/7503926212#m,brokerz_bullish
841,7503303771,/ichimokucharts/status/7503303771#m,ichimokucharts
842,7503303614,/Lazza134/status/7503303614#m,Lazza134
843,7502370796,/StockBlotter/status/7502370796#m,StockBlotter
844,7502283905,/alphatrends/status/7502283905#m,alphatrends
845,7501328370,/tkathlinastocks/status/7501328370#m,tkathlinastocks
846,7498342992,/Psando/status/7498342992#m,Psando
847,7497585320,/NCStockGuy/status/7497585320#m,NCStockGuy
848,7535985532,/ia_updates/status/7535985532#m,ia_updates
849,7534488500,/harmongreg/status/7534488500#m,harmongreg
850,7533464120,/toddstrade/status/7533464120#m,toddstrade
851,7532292610,/downtowntrader/status/7532292610#m,downtowntrader
852,7531892820,/gtotoy/status/7531892820#m,gtotoy
853,7531878240,/fortunecookie38/status/7531878240#m,fortunecookie38
854,7531847973,/SkyTrader/status/7531847973#m,SkyTrader
855,7531842363,/Trending123/status/7531842363#m,Trending123
856,7530833082,/ugtrader/status/7530833082#m,ugtrader
857,7529840127,/brokerz_figures/status/7529840127#m,brokerz_figures
858,7528714702,/cheatsheet/status/7528714702#m,cheatsheet
859,7528061763,/brokerz_spx/status/7528061763#m,brokerz_spx
860,7528022584,/fortunecookie38/status/7528022584#m,fortunecookie38
861,7527870131,/TradingApples/status/7527870131#m,TradingApples
862,7527452689,/SkyTrader/status/7527452689#m,SkyTrader
863,7527189708,/fortunecookie38/status/7527189708#m,fortunecookie38
864,7526574220,/Contrahour/status/7526574220#m,Contrahour
865,7525867955,/Hobotrader/status/7525867955#m,Hobotrader
866,7525560835,/J012/status/7525560835#m,J012
867,7524655534,/phoneranger/status/7524655534#m,phoneranger
868,7523869003,/SkyTrader/status/7523869003#m,SkyTrader
869,7523235757,/raulc27/status/7523235757#m,raulc27
870,7522497784,/panamaorange/status/7522497784#m,panamaorange
871,7522445328,/panamaorange/status/7522445328#m,panamaorange
872,7521274824,/muathe/status/7521274824#m,muathe
873,7520963961,/aarontask/status/7520963961#m,aarontask
874,7520928299,/panamaorange/status/7520928299#m,panamaorange
875,7520840137,/SkyTrader/status/7520840137#m,SkyTrader
876,7520742932,/aarontask/status/7520742932#m,aarontask
877,7520044625,/BoardCentral/status/7520044625#m,BoardCentral
878,7520036365,/brokerz_spx/status/7520036365#m,brokerz_spx
879,7519835980,/STnet/status/7519835980#m,STnet
880,7519741204,/gkfinance/status/7519741204#m,gkfinance
881,7518471844,/ChartingStock/status/7518471844#m,ChartingStock
882,7518396099,/tkathlinastocks/status/7518396099#m,tkathlinastocks
883,7518289059,/ChartingStock/status/7518289059#m,ChartingStock
884,7518247382,/brokerz_spx/status/7518247382#m,brokerz_spx
885,7518121839,/whalewisdom/status/7518121839#m,whalewisdom
886,7518005953,/gtotoy/status/7518005953#m,gtotoy
887,7517558907,/KevinMHughes/status/7517558907#m,KevinMHughes
888,7517432098,/brokerz_spx/status/7517432098#m,brokerz_spx
889,7517387253,/alphatrends/status/7517387253#m,alphatrends
890,7517083698,/sp500trader/status/7517083698#m,sp500trader
891,7514319573,/steenbab/status/7514319573#m,steenbab
892,7503956573,/brokerz_spx/status/7503956573#m,brokerz_spx
893,7503926212,/brokerz_bullish/status/7503926212#m,brokerz_bullish
894,7503303771,/ichimokucharts/status/7503303771#m,ichimokucharts
895,7503303614,/Lazza134/status/7503303614#m,Lazza134
896,7502370796,/StockBlotter/status/7502370796#m,StockBlotter
897,7502283905,/alphatrends/status/7502283905#m,alphatrends
898,7501328370,/tkathlinastocks/status/7501328370#m,tkathlinastocks
899,7498342992,/Psando/status/7498342992#m,Psando
900,7497585320,/NCStockGuy/status/7497585320#m,NCStockGuy
901,7535985532,/ia_updates/status/7535985532#m,ia_updates
902,7534488500,/harmongreg/status/7534488500#m,harmongreg
903,7533464120,/toddstrade/status/7533464120#m,toddstrade
904,7532292610,/downtowntrader/status/7532292610#m,downtowntrader
905,7531892820,/gtotoy/status/7531892820#m,gtotoy
906,7531878240,/fortunecookie38/status/7531878240#m,fortunecookie38
907,7531847973,/SkyTrader/status/7531847973#m,SkyTrader
908,7531842363,/Trending123/status/7531842363#m,Trending123
909,7530833082,/ugtrader/status/7530833082#m,ugtrader
910,7529840127,/brokerz_figures/status/7529840127#m,brokerz_figures
911,7528714702,/cheatsheet/status/7528714702#m,cheatsheet
912,7528061763,/brokerz_spx/status/7528061763#m,brokerz_spx
913,7528022584,/fortunecookie38/status/7528022584#m,fortunecookie38
914,7527870131,/TradingApples/status/7527870131#m,TradingApples
915,7527452689,/SkyTrader/status/7527452689#m,SkyTrader
916,7527189708,/fortunecookie38/status/7527189708#m,fortunecookie38
917,7526574220,/Contrahour/status/7526574220#m,Contrahour
918,7525867955,/Hobotrader/status/7525867955#m,Hobotrader
919,7525560835,/J012/status/7525560835#m,J012
920,7524655534,/phoneranger/status/7524655534#m,phoneranger
921,7523869003,/SkyTrader/status/7523869003#m,SkyTrader
922,7523235757,/raulc27/status/7523235757#m,raulc27
923,7522497784,/panamaorange/status/7522497784#m,panamaorange
924,7522445328,/panamaorange/status/7522445328#m,panamaorange
925,7521274824,/muathe/status/7521274824#m,muathe
926,7520963961,/aarontask/status/7520963961#m,aarontask
927,7520928299,/panamaorange/status/7520928299#m,panamaorange
928,7520840137,/SkyTrader/status/7520840137#m,SkyTrader
929,7520742932,/aarontask/status/7520742932#m,aarontask
930,7520044625,/BoardCentral/status/7520044625#m,BoardCentral
931,7520036365,/brokerz_spx/status/7520036365#m,brokerz_spx
932,7519835980,/STnet/status/7519835980#m,STnet
933,7519741204,/gkfinance/status/7519741204#m,gkfinance
934,7518471844,/ChartingStock/status/7518471844#m,ChartingStock
935,7518396099,/tkathlinastocks/status/7518396099#m,tkathlinastocks
936,7518289059,/ChartingStock/status/7518289059#m,ChartingStock
937,7518247382,/brokerz_spx/status/7518247382#m,brokerz_spx
938,7518121839,/whalewisdom/status/7518121839#m,whalewisdom
939,7518005953,/gtotoy/status/7518005953#m,gtotoy
940,7517558907,/KevinMHughes/status/7517558907#m,KevinMHughes
941,7517432098,/brokerz_spx/status/7517432098#m,brokerz_spx
942,7517387253,/alphatrends/status/7517387253#m,alphatrends
943,7517083698,/sp500trader/status/7517083698#m,sp500trader
944,7514319573,/steenbab/status/7514319573#m,steenbab
945,7503956573,/brokerz_spx/status/7503956573#m,brokerz_spx
946,7503926212,/brokerz_bullish/status/7503926212#m,brokerz_bullish
947,7503303771,/ichimokucharts/status/7503303771#m,ichimokucharts
948,7503303614,/Lazza134/status/7503303614#m,Lazza134
949,7502370796,/StockBlotter/status/7502370796#m,StockBlotter
950,7502283905,/alphatrends/status/7502283905#m,alphatrends
951,7501328370,/tkathlinastocks/status/7501328370#m,tkathlinastocks
952,7498342992,/Psando/status/7498342992#m,Psando
953,7497585320,/NCStockGuy/status/7497585320#m,NCStockGuy
954,7535985532,/ia_updates/status/7535985532#m,ia_updates
955,7534488500,/harmongreg/status/7534488500#m,harmongreg
956,7533464120,/toddstrade/status/7533464120#m,toddstrade
957,7532292610,/downtowntrader/status/7532292610#m,downtowntrader
958,7531892820,/gtotoy/status/7531892820#m,gtotoy
959,7531878240,/fortunecookie38/status/7531878240#m,fortunecookie38
960,7531847973,/SkyTrader/status/7531847973#m,SkyTrader
961,7531842363,/Trending123/status/7531842363#m,Trending123
962,7530833082,/ugtrader/status/7530833082#m,ugtrader
963,7529840127,/brokerz_figures/status/7529840127#m,brokerz_figures
964,7528714702,/cheatsheet/status/7528714702#m,cheatsheet
965,7528061763,/brokerz_spx/status/7528061763#m,brokerz_spx
966,7528022584,/fortunecookie38/status/7528022584#m,fortunecookie38
967,7527870131,/TradingApples/status/7527870131#m,TradingApples
968,7527452689,/SkyTrader/status/7527452689#m,SkyTrader
969,7527189708,/fortunecookie38/status/7527189708#m,fortunecookie38
970,7526574220,/Contrahour/status/7526574220#m,Contrahour
971,7525867955,/Hobotrader/status/7525867955#m,Hobotrader
972,7525560835,/J012/status/7525560835#m,J012
973,7524655534,/phoneranger/status/7524655534#m,phoneranger
974,7523869003,/SkyTrader/status/7523869003#m,SkyTrader
975,7523235757,/raulc27/status/7523235757#m,raulc27
976,7522497784,/panamaorange/status/7522497784#m,panamaorange
977,7522445328,/panamaorange/status/7522445328#m,panamaorange
978,7521274824,/muathe/status/7521274824#m,muathe
979,7520963961,/aarontask/status/7520963961#m,aarontask
980,7520928299,/panamaorange/status/7520928299#m,panamaorange
981,7520840137,/SkyTrader/status/7520840137#m,SkyTrader
982,7520742932,/aarontask/status/7520742932#m,aarontask
983,7520044625,/BoardCentral/status/7520044625#m,BoardCentral
984,7520036365,/brokerz_spx/status/7520036365#m,brokerz_spx
985,7519835980,/STnet/status/7519835980#m,STnet
986,7519741204,/gkfinance/status/7519741204#m,gkfinance
987,7518471844,/ChartingStock/status/7518471844#m,ChartingStock
988,7518396099,/tkathlinastocks/status/7518396099#m,tkathlinastocks
989,7518289059,/ChartingStock/status/7518289059#m,ChartingStock
990,7518247382,/brokerz_spx/status/7518247382#m,brokerz_spx
991,7518121839,/whalewisdom/status/7518121839#m,whalewisdom
992,7518005953,/gtotoy/status/7518005953#m,gtotoy
993,7517558907,/KevinMHughes/status/7517558907#m,KevinMHughes
994,7517432098,/brokerz_spx/status/7517432098#m,brokerz_spx
995,7517387253,/alphatrends/status/7517387253#m,alphatrends
996,7517083698,/sp500trader/status/7517083698#m,sp500trader
997,7514319573,/steenbab/status/7514319573#m,steenbab
998,7503956573,/brokerz_spx/status/7503956573#m,brokerz_spx
999,7503926212,/brokerz_bullish/status/7503926212#m,brokerz_bullish
1000,7503303771,/ichimokucharts/status/7503303771#m,ichimokucharts
1001,7503303614,/Lazza134/status/7503303614#m,Lazza134
1002,7502370796,/StockBlotter/status/7502370796#m,StockBlotter
1003,7502283905,/alphatrends/status/7502283905#m,alphatrends
1004,7501328370,/tkathlinastocks/status/7501328370#m,tkathlinastocks
1005,7498342992,/Psando/status/7498342992#m,Psando
1006,7497585320,/NCStockGuy/status/7497585320#m,NCStockGuy
1007,7535985532,/ia_updates/status/7535985532#m,ia_updates
1008,7534488500,/harmongreg/status/7534488500#m,harmongreg
1009,7533464120,/toddstrade/status/7533464120#m,toddstrade
1010,7532292610,/downtowntrader/status/7532292610#m,downtowntrader
1011,7531892820,/gtotoy/status/7531892820#m,gtotoy
1012,7531878240,/fortunecookie38/status/7531878240#m,fortunecookie38
1013,7531847973,/SkyTrader/status/7531847973#m,SkyTrader
1014,7531842363,/Trending123/status/7531842363#m,Trending123
1015,7530833082,/ugtrader/status/7530833082#m,ugtrader
1016,7529840127,/brokerz_figures/status/7529840127#m,brokerz_figures
1017,7528714702,/cheatsheet/status/7528714702#m,cheatsheet
1018,7528061763,/brokerz_spx/status/7528061763#m,brokerz_spx
1019,7528022584,/fortunecookie38/status/7528022584#m,fortunecookie38
1020,7527870131,/TradingApples/status/7527870131#m,TradingApples
1021,7527452689,/SkyTrader/status/7527452689#m,SkyTrader
1022,7527189708,/fortunecookie38/status/7527189708#m,fortunecookie38
1023,7526574220,/Contrahour/status/7526574220#m,Contrahour
1024,7525867955,/Hobotrader/status/7525867955#m,Hobotrader
1025,7525560835,/J012/status/7525560835#m,J012
1026,7524655534,/phoneranger/status/7524655534#m,phoneranger
1027,7523869003,/SkyTrader/status/7523869003#m,SkyTrader
1028,7523235757,/raulc27/status/7523235757#m,raulc27
1029,7522497784,/panamaorange/status/7522497784#m,panamaorange
1030,7522445328,/panamaorange/status/7522445328#m,panamaorange
1031,7521274824,/muathe/status/7521274824#m,muathe
1032,7520963961,/aarontask/status/7520963961#m,aarontask
1033,7520928299,/panamaorange/status/7520928299#m,panamaorange
1034,7520840137,/SkyTrader/status/7520840137#m,SkyTrader
1035,7520742932,/aarontask/status/7520742932#m,aarontask
1036,7520044625,/BoardCentral/status/7520044625#m,BoardCentral
1037,7520036365,/brokerz_spx/status/7520036365#m,brokerz_spx
1038,7519835980,/STnet/status/7519835980#m,STnet
1039,7519741204,/gkfinance/status/7519741204#m,gkfinance
1040,7518471844,/ChartingStock/status/7518471844#m,ChartingStock
1041,7518396099,/tkathlinastocks/status/7518396099#m,tkathlinastocks
1042,7518289059,/ChartingStock/status/7518289059#m,ChartingStock
1043,7518247382,/brokerz_spx/status/7518247382#m,brokerz_spx
1044,7518121839,/whalewisdom/status/7518121839#m,whalewisdom
1045,7518005953,/gtotoy/status/7518005953#m,gtotoy
1046,7517558907,/KevinMHughes/status/7517558907#m,KevinMHughes
1047,7517432098,/brokerz_spx/status/7517432098#m,brokerz_spx
1048,7517387253,/alphatrends/status/7517387253#m,alphatrends
1049,7517083698,/sp500trader/status/7517083698#m,sp500trader
1050,7514319573,/steenbab/status/7514319573#m,steenbab
1051,7503956573,/brokerz_spx/status/7503956573#m,brokerz_spx
1052,7503926212,/brokerz_bullish/status/7503926212#m,brokerz_bullish
1053,7503303771,/ichimokucharts/status/7503303771#m,ichimokucharts
1054,7503303614,/Lazza134/status/7503303614#m,Lazza134
1055,7502370796,/StockBlotter/status/7502370796#m,StockBlotter
1056,7502283905,/alphatrends/status/7502283905#m,alphatrends
1057,7501328370,/tkathlinastocks/status/7501328370#m,tkathlinastocks
1058,7498342992,/Psando/status/7498342992#m,Psando
1059,7497585320,/NCStockGuy/status/7497585320#m,NCStockGuy
1060,7535985532,/ia_updates/status/7535985532#m,ia_updates
1061,7534488500,/harmongreg/status/7534488500#m,harmongreg
1062,7533464120,/toddstrade/status/7533464120#m,toddstrade
1063,7532292610,/downtowntrader/status/7532292610#m,downtowntrader
1064,7531892820,/gtotoy/status/7531892820#m,gtotoy
1065,7531878240,/fortunecookie38/status/7531878240#m,fortunecookie38
1066,7531847973,/SkyTrader/status/7531847973#m,SkyTrader
1067,7531842363,/Trending123/status/7531842363#m,Trending123
1068,7530833082,/ugtrader/status/7530833082#m,ugtrader
1069,7529840127,/brokerz_figures/status/7529840127#m,brokerz_figures
1070,7528714702,/cheatsheet/status/7528714702#m,cheatsheet
1071,7528061763,/brokerz_spx/status/7528061763#m,brokerz_spx
1072,7528022584,/fortunecookie38/status/7528022584#m,fortunecookie38
1073,7527870131,/TradingApples/status/7527870131#m,TradingApples
1074,7527452689,/SkyTrader/status/7527452689#m,SkyTrader
1075,7527189708,/fortunecookie38/status/7527189708#m,fortunecookie38
1076,7526574220,/Contrahour/status/7526574220#m,Contrahour
1077,7525867955,/Hobotrader/status/7525867955#m,Hobotrader
1078,7525560835,/J012/status/7525560835#m,J012
1079,7524655534,/phoneranger/status/7524655534#m,phoneranger
1080,7523869003,/SkyTrader/status/7523869003#m,SkyTrader
1081,7523235757,/raulc27/status/7523235757#m,raulc27
1082,7522497784,/panamaorange/status/7522497784#m,panamaorange
1083,7522445328,/panamaorange/status/7522445328#m,panamaorange
1084,7521274824,/muathe/status/7521274824#m,muathe
1085,7520963961,/aarontask/status/7520963961#m,aarontask
1086,7520928299,/panamaorange/status/7520928299#m,panamaorange
1087,7520840137,/SkyTrader/status/7520840137#m,SkyTrader
1088,7520742932,/aarontask/status/7520742932#m,aarontask
1089,7520044625,/BoardCentral/status/7520044625#m,BoardCentral
1090,7520036365,/brokerz_spx/status/7520036365#m,brokerz_spx
1091,7519835980,/STnet/status/7519835980#m,STnet
1092,7519741204,/gkfinance/status/7519741204#m,gkfinance
1093,7518471844,/ChartingStock/status/7518471844#m,ChartingStock
1094,7518396099,/tkathlinastocks/status/7518396099#m,tkathlinastocks
1095,7518289059,/ChartingStock/status/7518289059#m,ChartingStock
1096,7518247382,/brokerz_spx/status/7518247382#m,brokerz_spx
1097,7518121839,/whalewisdom/status/7518121839#m,whalewisdom
1098,7518005953,/gtotoy/status/7518005953#m,gtotoy
1099,7517558907,/KevinMHughes/status/7517558907#m,KevinMHughes
1100,7517432098,/brokerz_spx/status/7517432098#m,brokerz_spx
1101,7517387253,/alphatrends/status/7517387253#m,alphatrends
1102,7517083698,/sp500trader/status/7517083698#m,sp500trader
1103,7514319573,/steenbab/status/7514319573#m,steenbab
1104,7503956573,/brokerz_spx/status/7503956573#m,brokerz_spx
1105,7503926212,/brokerz_bullish/status/7503926212#m,brokerz_bullish
1106,7503303771,/ichimokucharts/status/7503303771#m,ichimokucharts
1107,7503303614,/Lazza134/status/7503303614#m,Lazza134
1108,7502370796,/StockBlotter/status/7502370796#m,StockBlotter
1109,7502283905,/alphatrends/status/7502283905#m,alphatrends
1110,7501328370,/tkathlinastocks/status/7501328370#m,tkathlinastocks
1111,7498342992,/Psando/status/7498342992#m,Psando
1112,7497585320,/NCStockGuy/status/7497585320#m,NCStockGuy
1113,7535985532,/ia_updates/status/7535985532#m,ia_updates
1114,7534488500,/harmongreg/status/7534488500#m,harmongreg
1115,7533464120,/toddstrade/status/7533464120#m,toddstrade
1116,7532292610,/downtowntrader/status/7532292610#m,downtowntrader
1117,7531892820,/gtotoy/status/7531892820#m,gtotoy
1118,7531878240,/fortunecookie38/status/7531878240#m,fortunecookie38
1119,7531847973,/SkyTrader/status/7531847973#m,SkyTrader
1120,7531842363,/Trending123/status/7531842363#m,Trending123
1121,7530833082,/ugtrader/status/7530833082#m,ugtrader
1122,7529840127,/brokerz_figures/status/7529840127#m,brokerz_figures
1123,7528714702,/cheatsheet/status/7528714702#m,cheatsheet
1124,7528061763,/brokerz_spx/status/7528061763#m,brokerz_spx
1125,7528022584,/fortunecookie38/status/7528022584#m,fortunecookie38
1126,7527870131,/TradingApples/status/7527870131#m,TradingApples
1127,7527452689,/SkyTrader/status/7527452689#m,SkyTrader
1128,7527189708,/fortunecookie38/status/7527189708#m,fortunecookie38
1129,7526574220,/Contrahour/status/7526574220#m,Contrahour
1130,7525867955,/Hobotrader/status/7525867955#m,Hobotrader
1131,7525560835,/J012/status/7525560835#m,J012
1132,7524655534,/phoneranger/status/7524655534#m,phoneranger
1133,7523869003,/SkyTrader/status/7523869003#m,SkyTrader
1134,7523235757,/raulc27/status/7523235757#m,raulc27
1135,7522497784,/panamaorange/status/7522497784#m,panamaorange
1136,7522445328,/panamaorange/status/7522445328#m,panamaorange
1137,7521274824,/muathe/status/7521274824#m,muathe
1138,7520963961,/aarontask/status/7520963961#m,aarontask
1139,7520928299,/panamaorange/status/7520928299#m,panamaorange
1140,7520840137,/SkyTrader/status/7520840137#m,SkyTrader
1141,7520742932,/aarontask/status/7520742932#m,aarontask
1142,7520044625,/BoardCentral/status/7520044625#m,BoardCentral
1143,7520036365,/brokerz_spx/status/7520036365#m,brokerz_spx
1144,7519835980,/STnet/status/7519835980#m,STnet
1145,7519741204,/gkfinance/status/7519741204#m,gkfinance
1146,7518471844,/ChartingStock/status/7518471844#m,ChartingStock
1147,7518396099,/tkathlinastocks/status/7518396099#m,tkathlinastocks
1148,7518289059,/ChartingStock/status/7518289059#m,ChartingStock
1149,7518247382,/brokerz_spx/status/7518247382#m,brokerz_spx
1150,7518121839,/whalewisdom/status/7518121839#m,whalewisdom
1151,7518005953,/gtotoy/status/7518005953#m,gtotoy
1152,7517558907,/KevinMHughes/status/7517558907#m,KevinMHughes
1153,7517432098,/brokerz_spx/status/7517432098#m,brokerz_spx
1154,7517387253,/alphatrends/status/7517387253#m,alphatrends
1155,7517083698,/sp500trader/status/7517083698#m,sp500trader
1156,7514319573,/steenbab/status/7514319573#m,steenbab
1157,7503956573,/brokerz_spx/status/7503956573#m,brokerz_spx
1158,7503926212,/brokerz_bullish/status/7503926212#m,brokerz_bullish
1159,7503303771,/ichimokucharts/status/7503303771#m,ichimokucharts
1160,7503303614,/Lazza134/status/7503303614#m,Lazza134
1161,7502370796,/StockBlotter/status/7502370796#m,StockBlotter
1162,7502283905,/alphatrends/status/7502283905#m,alphatrends
1163,7501328370,/tkathlinastocks/status/7501328370#m,tkathlinastocks
1164,7498342992,/Psando/status/7498342992#m,Psando
1165,7497585320,/NCStockGuy/status/7497585320#m,NCStockGuy
1166,7535985532,/ia_updates/status/7535985532#m,ia_updates
1167,7534488500,/harmongreg/status/7534488500#m,harmongreg
1168,7533464120,/toddstrade/status/7533464120#m,toddstrade
1169,7532292610,/downtowntrader/status/7532292610#m,downtowntrader
1170,7531892820,/gtotoy/status/7531892820#m,gtotoy
1171,7531878240,/fortunecookie38/status/7531878240#m,fortunecookie38
1172,7531847973,/SkyTrader/status/7531847973#m,SkyTrader
1173,7531842363,/Trending123/status/7531842363#m,Trending123
1174,7530833082,/ugtrader/status/7530833082#m,ugtrader
1175,7529840127,/brokerz_figures/status/7529840127#m,brokerz_figures
1176,7528714702,/cheatsheet/status/7528714702#m,cheatsheet
1177,7528061763,/brokerz_spx/status/7528061763#m,brokerz_spx
1178,7528022584,/fortunecookie38/status/7528022584#m,fortunecookie38
1179,7527870131,/TradingApples/status/7527870131#m,TradingApples
1180,7527452689,/SkyTrader/status/7527452689#m,SkyTrader
1181,7527189708,/fortunecookie38/status/7527189708#m,fortunecookie38
1182,7526574220,/Contrahour/status/7526574220#m,Contrahour
1183,7525867955,/Hobotrader/status/7525867955#m,Hobotrader
1184,7525560835,/J012/status/7525560835#m,J012
1185,7524655534,/phoneranger/status/7524655534#m,phoneranger
1186,7523869003,/SkyTrader/status/7523869003#m,SkyTrader
1187,7523235757,/raulc27/status/7523235757#m,raulc27
1188,7522497784,/panamaorange/status/7522497784#m,panamaorange
1189,7522445328,/panamaorange/status/7522445328#m,panamaorange
1190,7521274824,/muathe/status/7521274824#m,muathe
1191,7520963961,/aarontask/status/7520963961#m,aarontask
1192,7520928299,/panamaorange/status/7520928299#m,panamaorange
1193,7520840137,/SkyTrader/status/7520840137#m,SkyTrader
1194,7520742932,/aarontask/status/7520742932#m,aarontask
1195,7520044625,/BoardCentral/status/7520044625#m,BoardCentral
1196,7520036365,/brokerz_spx/status/7520036365#m,brokerz_spx
1197,7519835980,/STnet/status/7519835980#m,STnet
1198,7519741204,/gkfinance/status/7519741204#m,gkfinance
1199,7518471844,/ChartingStock/status/7518471844#m,ChartingStock
1200,7518396099,/tkathlinastocks/status/7518396099#m,tkathlinastocks
1201,7518289059,/ChartingStock/status/7518289059#m,ChartingStock
1202,7518247382,/brokerz_spx/status/7518247382#m,brokerz_spx
1203,7518121839,/whalewisdom/status/7518121839#m,whalewisdom
1204,7518005953,/gtotoy/status/7518005953#m,gtotoy
1205,7517558907,/KevinMHughes/status/7517558907#m,KevinMHughes
1206,7517432098,/brokerz_spx/status/7517432098#m,brokerz_spx
1207,7517387253,/alphatrends/status/7517387253#m,alphatrends
1208,7517083698,/sp500trader/status/7517083698#m,sp500trader
1209,7514319573,/steenbab/status/7514319573#m,steenbab
1210,7503956573,/brokerz_spx/status/7503956573#m,brokerz_spx
1211,7503926212,/brokerz_bullish/status/7503926212#m,brokerz_bullish
1212,7503303771,/ichimokucharts/status/7503303771#m,ichimokucharts
1213,7503303614,/Lazza134/status/7503303614#m,Lazza134
1214,7502370796,/StockBlotter/status/7502370796#m,StockBlotter
1215,7502283905,/alphatrends/status/7502283905#m,alphatrends
1216,7501328370,/tkathlinastocks/status/7501328370#m,tkathlinastocks
1217,7498342992,/Psando/status/7498342992#m,Psando
1218,7497585320,/NCStockGuy/status/7497585320#m,NCStockGuy
1219,7535985532,/ia_updates/status/7535985532#m,ia_updates
1220,7534488500,/harmongreg/status/7534488500#m,harmongreg
1221,7533464120,/toddstrade/status/7533464120#m,toddstrade
1222,7532292610,/downtowntrader/status/7532292610#m,downtowntrader
1223,7531892820,/gtotoy/status/7531892820#m,gtotoy
1224,7531878240,/fortunecookie38/status/7531878240#m,fortunecookie38
1225,7531847973,/SkyTrader/status/7531847973#m,SkyTrader
1226,7531842363,/Trending123/status/7531842363#m,Trending123
1227,7530833082,/ugtrader/status/7530833082#m,ugtrader
1228,7529840127,/brokerz_figures/status/7529840127#m,brokerz_figures
1229,7528714702,/cheatsheet/status/7528714702#m,cheatsheet
1230,7528061763,/brokerz_spx/status/7528061763#m,brokerz_spx
1231,7528022584,/fortunecookie38/status/7528022584#m,fortunecookie38
1232,7527870131,/TradingApples/status/7527870131#m,TradingApples
1233,7527452689,/SkyTrader/status/7527452689#m,SkyTrader
1234,7527189708,/fortunecookie38/status/7527189708#m,fortunecookie38
1235,7526574220,/Contrahour/status/7526574220#m,Contrahour
1236,7525867955,/Hobotrader/status/7525867955#m,Hobotrader
1237,7525560835,/J012/status/7525560835#m,J012
1238,7524655534,/phoneranger/status/7524655534#m,phoneranger
1239,7523869003,/SkyTrader/status/7523869003#m,SkyTrader
1240,7523235757,/raulc27/status/7523235757#m,raulc27
1241,7522497784,/panamaorange/status/7522497784#m,panamaorange
1242,7522445328,/panamaorange/status/7522445328#m,panamaorange
1243,7521274824,/muathe/status/7521274824#m,muathe
1244,7520963961,/aarontask/status/7520963961#m,aarontask
1245,7520928299,/panamaorange/status/7520928299#m,panamaorange
1246,7520840137,/SkyTrader/status/7520840137#m,SkyTrader
1247,7520742932,/aarontask/status/7520742932#m,aarontask
1248,7520044625,/BoardCentral/status/7520044625#m,BoardCentral
1249,7520036365,/brokerz_spx/status/7520036365#m,brokerz_spx
1250,7519835980,/STnet/status/7519835980#m,STnet
1251,7519741204,/gkfinance/status/7519741204#m,gkfinance
1252,7518471844,/ChartingStock/status/7518471844#m,ChartingStock
1253,7518396099,/tkathlinastocks/status/7518396099#m,tkathlinastocks
1254,7518289059,/ChartingStock/status/7518289059#m,ChartingStock
1255,7518247382,/brokerz_spx/status/7518247382#m,brokerz_spx
1256,7518121839,/whalewisdom/status/7518121839#m,whalewisdom
1257,7518005953,/gtotoy/status/7518005953#m,gtotoy
1258,7517558907,/KevinMHughes/status/7517558907#m,KevinMHughes
1259,7517432098,/brokerz_spx/status/7517432098#m,brokerz_spx
1260,7517387253,/alphatrends/status/7517387253#m,alphatrends
1261,7517083698,/sp500trader/status/7517083698#m,sp500trader
1262,7514319573,/steenbab/status/7514319573#m,steenbab
1263,7503956573,/brokerz_spx/status/7503956573#m,brokerz_spx
1264,7503926212,/brokerz_bullish/status/7503926212#m,brokerz_bullish
1265,7503303771,/ichimokucharts/status/7503303771#m,ichimokucharts
1266,7503303614,/Lazza134/status/7503303614#m,Lazza134
1267,7502370796,/StockBlotter/status/7502370796#m,StockBlotter
1268,7502283905,/alphatrends/status/7502283905#m,alphatrends
1269,7501328370,/tkathlinastocks/status/7501328370#m,tkathlinastocks
1270,7498342992,/Psando/status/7498342992#m,Psando
1271,7497585320,/NCStockGuy/status/7497585320#m,NCStockGuy
1272,7535985532,/ia_updates/status/7535985532#m,ia_updates
1273,7534488500,/harmongreg/status/7534488500#m,harmongreg
1274,7533464120,/toddstrade/status/7533464120#m,toddstrade
1275,7532292610,/downtowntrader/status/7532292610#m,downtowntrader
1276,7531892820,/gtotoy/status/7531892820#m,gtotoy
1277,7531878240,/fortunecookie38/status/7531878240#m,fortunecookie38
1278,7531847973,/SkyTrader/status/7531847973#m,SkyTrader
1279,7531842363,/Trending123/status/7531842363#m,Trending123
1280,7530833082,/ugtrader/status/7530833082#m,ugtrader
1281,7529840127,/brokerz_figures/status/7529840127#m,brokerz_figures
1282,7528714702,/cheatsheet/status/7528714702#m,cheatsheet
1283,7528061763,/brokerz_spx/status/7528061763#m,brokerz_spx
1284,7528022584,/fortunecookie38/status/7528022584#m,fortunecookie38
1285,7527870131,/TradingApples/status/7527870131#m,TradingApples
1286,7527452689,/SkyTrader/status/7527452689#m,SkyTrader
1287,7527189708,/fortunecookie38/status/7527189708#m,fortunecookie38
1288,7526574220,/Contrahour/status/7526574220#m,Contrahour
1289,7525867955,/Hobotrader/status/7525867955#m,Hobotrader
1290,7525560835,/J012/status/7525560835#m,J012
1291,7524655534,/phoneranger/status/7524655534#m,phoneranger
1292,7523869003,/SkyTrader/status/7523869003#m,SkyTrader
1293,7523235757,/raulc27/status/7523235757#m,raulc27
1294,7522497784,/panamaorange/status/7522497784#m,panamaorange
1295,7522445328,/panamaorange/status/7522445328#m,panamaorange
1296,7521274824,/muathe/status/7521274824#m,muathe
1297,7520963961,/aarontask/status/7520963961#m,aarontask
1298,7520928299,/panamaorange/status/7520928299#m,panamaorange
1299,7520840137,/SkyTrader/status/7520840137#m,SkyTrader
1300,7520742932,/aarontask/status/7520742932#m,aarontask
1301,7520044625,/BoardCentral/status/7520044625#m,BoardCentral
1302,7520036365,/brokerz_spx/status/7520036365#m,brokerz_spx
1303,7519835980,/STnet/status/7519835980#m,STnet
1304,7519741204,/gkfinance/status/7519741204#m,gkfinance
1305,7518471844,/ChartingStock/status/7518471844#m,ChartingStock
1306,7518396099,/tkathlinastocks/status/7518396099#m,tkathlinastocks
1307,7518289059,/ChartingStock/status/7518289059#m,ChartingStock
1308,7518247382,/brokerz_spx/status/7518247382#m,brokerz_spx
1309,7518121839,/whalewisdom/status/7518121839#m,whalewisdom
1310,7518005953,/gtotoy/status/7518005953#m,gtotoy
1311,7517558907,/KevinMHughes/status/7517558907#m,KevinMHughes
1312,7517432098,/brokerz_spx/status/7517432098#m,brokerz_spx
1313,7517387253,/alphatrends/status/7517387253#m,alphatrends
1314,7517083698,/sp500trader/status/7517083698#m,sp500trader
1315,7514319573,/steenbab/status/7514319573#m,steenbab
1316,7503956573,/brokerz_spx/status/7503956573#m,brokerz_spx
1317,7503926212,/brokerz_bullish/status/7503926212#m,brokerz_bullish
1318,7503303771,/ichimokucharts/status/7503303771#m,ichimokucharts
1319,7503303614,/Lazza134/status/7503303614#m,Lazza134
1320,7502370796,/StockBlotter/status/7502370796#m,StockBlotter
1321,7502283905,/alphatrends/status/7502283905#m,alphatrends
1322,7501328370,/tkathlinastocks/status/7501328370#m,tkathlinastocks
1323,7498342992,/Psando/status/7498342992#m,Psando
1324,7497585320,/NCStockGuy/status/7497585320#m,NCStockGuy
