,tweet_id,tweet_url,username,is_retweet,is_pinned,time,ts,text,replies,retweets,likes,timestamp_ms
0,11161865718,/tecktrdr/status/11161865718#m,tecktrdr,0.0,0.0,2010-03-27 09:02:00+00:00,1269680520000.0,$spy ...day off... a couple excellnt coffees -great C.O.D. session -stimulus package coming 30th.... cant wait,0.0,0.0,0.0,1269680520000.0
1,11155374466,/StocksDoc/status/11155374466#m,StocksDoc,0.0,0.0,2010-03-27 06:06:00+00:00,1269669960000.0,Friday March 26 2010 Most Actives $AAPL $SPY $QQQQ $BAC $MSFT $IWM ... http://bit.ly/a5dJEy,0.0,0.0,0.0,1269669960000.0
2,11154795958,/TraderFlorida/status/11154795958#m,TraderFlorida,0.0,0.0,2010-03-27 05:52:00+00:00,1269669120000.0,"http://chart.ly/gq7hmw $SPY - same for for the SPY, cont's to ride this uptrend channel - a rest or sideway action is needed",0.0,0.0,1.0,1269669120000.0
3,11137299257,/koolaidluke/status/11137299257#m,koolaidluke,0.0,0.0,2010-03-27 09:48:00+00:00,1269683280000.0,http://chart.ly/vf9ke5 $SPY - 200 week MA was support in '08 but is now acting as resistance.,0.0,0.0,0.0,1269683280000.0
4,11126329996,/Eagle999999999/status/11126329996#m,Eagle999999999,0.0,0.0,2010-03-27 03:35:00+00:00,1269660900000.0,$SPY SPY Still In The Channel. http://fsc.bz/3Wv #WORDEN,0.0,0.0,0.0,1269660900000.0
5,11116988227,/STtrending/status/11116988227#m,STtrending,0.0,0.0,2010-03-27 12:03:00+00:00,1269691380000.0,Trending now on StockTwits: $AAPL $T $ABIO $RIMM $SPY $IOC $GS $AMZN $WBD $RSX,0.0,0.0,0.0,1269691380000.0
6,11116899232,/psychotrader/status/11116899232#m,psychotrader,0.0,0.0,2010-03-27 12:01:00+00:00,1269691260000.0,why $spy and $qqqq run up till 8pm after hours??? never seen that so quick and up big??? news???,0.0,0.0,0.0,1269691260000.0
7,11161865718,/tecktrdr/status/11161865718#m,tecktrdr,0.0,0.0,2010-03-27 09:02:00+00:00,1269680520000.0,$spy ...day off... a couple excellnt coffees -great C.O.D. session -stimulus package coming 30th.... cant wait,0.0,0.0,0.0,1269680520000.0
8,11155374466,/StocksDoc/status/11155374466#m,StocksDoc,0.0,0.0,2010-03-27 06:06:00+00:00,1269669960000.0,Friday March 26 2010 Most Actives $AAPL $SPY $QQQQ $BAC $MSFT $IWM ... http://bit.ly/a5dJEy,0.0,0.0,0.0,1269669960000.0
9,11154795958,/TraderFlorida/status/11154795958#m,TraderFlorida,0.0,0.0,2010-03-27 05:52:00+00:00,1269669120000.0,"http://chart.ly/gq7hmw $SPY - same for for the SPY, cont's to ride this uptrend channel - a rest or sideway action is needed",0.0,0.0,1.0,1269669120000.0
10,11137299257,/koolaidluke/status/11137299257#m,koolaidluke,0.0,0.0,2010-03-27 09:48:00+00:00,1269683280000.0,http://chart.ly/vf9ke5 $SPY - 200 week MA was support in '08 but is now acting as resistance.,0.0,0.0,0.0,1269683280000.0
11,11126329996,/Eagle999999999/status/11126329996#m,Eagle999999999,0.0,0.0,2010-03-27 03:35:00+00:00,1269660900000.0,$SPY SPY Still In The Channel. http://fsc.bz/3Wv #WORDEN,0.0,0.0,0.0,1269660900000.0
12,11116988227,/STtrending/status/11116988227#m,STtrending,0.0,0.0,2010-03-27 12:03:00+00:00,1269691380000.0,Trending now on StockTwits: $AAPL $T $ABIO $RIMM $SPY $IOC $GS $AMZN $WBD $RSX,0.0,0.0,0.0,1269691380000.0
13,11116899232,/psychotrader/status/11116899232#m,psychotrader,0.0,0.0,2010-03-27 12:01:00+00:00,1269691260000.0,why $spy and $qqqq run up till 8pm after hours??? never seen that so quick and up big??? news???,0.0,0.0,0.0,1269691260000.0
14,11161865718,/tecktrdr/status/11161865718#m,tecktrdr,0.0,0.0,2010-03-27 09:02:00+00:00,1269680520000.0,$spy ...day off... a couple excellnt coffees -great C.O.D. session -stimulus package coming 30th.... cant wait,0.0,0.0,0.0,1269680520000.0
15,11155374466,/StocksDoc/status/11155374466#m,StocksDoc,0.0,0.0,2010-03-27 06:06:00+00:00,1269669960000.0,Friday March 26 2010 Most Actives $AAPL $SPY $QQQQ $BAC $MSFT $IWM ... http://bit.ly/a5dJEy,0.0,0.0,0.0,1269669960000.0
16,11154795958,/TraderFlorida/status/11154795958#m,TraderFlorida,0.0,0.0,2010-03-27 05:52:00+00:00,1269669120000.0,"http://chart.ly/gq7hmw $SPY - same for for the SPY, cont's to ride this uptrend channel - a rest or sideway action is needed",0.0,0.0,1.0,1269669120000.0
17,11137299257,/koolaidluke/status/11137299257#m,koolaidluke,0.0,0.0,2010-03-27 09:48:00+00:00,1269683280000.0,http://chart.ly/vf9ke5 $SPY - 200 week MA was support in '08 but is now acting as resistance.,0.0,0.0,0.0,1269683280000.0
18,11126329996,/Eagle999999999/status/11126329996#m,Eagle999999999,0.0,0.0,2010-03-27 03:35:00+00:00,1269660900000.0,$SPY SPY Still In The Channel. http://fsc.bz/3Wv #WORDEN,0.0,0.0,0.0,1269660900000.0
19,11116988227,/STtrending/status/11116988227#m,STtrending,0.0,0.0,2010-03-27 12:03:00+00:00,1269691380000.0,Trending now on StockTwits: $AAPL $T $ABIO $RIMM $SPY $IOC $GS $AMZN $WBD $RSX,0.0,0.0,0.0,1269691380000.0
20,11116899232,/psychotrader/status/11116899232#m,psychotrader,0.0,0.0,2010-03-27 12:01:00+00:00,1269691260000.0,why $spy and $qqqq run up till 8pm after hours??? never seen that so quick and up big??? news???,0.0,0.0,0.0,1269691260000.0
21,11161865718,/tecktrdr/status/11161865718#m,tecktrdr,0.0,0.0,2010-03-27 09:02:00+00:00,1269680520000.0,$spy ...day off... a couple excellnt coffees -great C.O.D. session -stimulus package coming 30th.... cant wait,0.0,0.0,0.0,1269680520000.0
22,11155374466,/StocksDoc/status/11155374466#m,StocksDoc,0.0,0.0,2010-03-27 06:06:00+00:00,1269669960000.0,Friday March 26 2010 Most Actives $AAPL $SPY $QQQQ $BAC $MSFT $IWM ... http://bit.ly/a5dJEy,0.0,0.0,0.0,1269669960000.0
23,11154795958,/TraderFlorida/status/11154795958#m,TraderFlorida,0.0,0.0,2010-03-27 05:52:00+00:00,1269669120000.0,"http://chart.ly/gq7hmw $SPY - same for for the SPY, cont's to ride this uptrend channel - a rest or sideway action is needed",0.0,0.0,1.0,1269669120000.0
24,11137299257,/koolaidluke/status/11137299257#m,koolaidluke,0.0,0.0,2010-03-27 09:48:00+00:00,1269683280000.0,http://chart.ly/vf9ke5 $SPY - 200 week MA was support in '08 but is now acting as resistance.,0.0,0.0,0.0,1269683280000.0
25,11126329996,/Eagle999999999/status/11126329996#m,Eagle999999999,0.0,0.0,2010-03-27 03:35:00+00:00,1269660900000.0,$SPY SPY Still In The Channel. http://fsc.bz/3Wv #WORDEN,0.0,0.0,0.0,1269660900000.0
26,11116988227,/STtrending/status/11116988227#m,STtrending,0.0,0.0,2010-03-27 12:03:00+00:00,1269691380000.0,Trending now on StockTwits: $AAPL $T $ABIO $RIMM $SPY $IOC $GS $AMZN $WBD $RSX,0.0,0.0,0.0,1269691380000.0
27,11116899232,/psychotrader/status/11116899232#m,psychotrader,0.0,0.0,2010-03-27 12:01:00+00:00,1269691260000.0,why $spy and $qqqq run up till 8pm after hours??? never seen that so quick and up big??? news???,0.0,0.0,0.0,1269691260000.0
28,11161865718,/tecktrdr/status/11161865718#m,tecktrdr,0.0,0.0,2010-03-27 09:02:00+00:00,1269680520000.0,$spy ...day off... a couple excellnt coffees -great C.O.D. session -stimulus package coming 30th.... cant wait,0.0,0.0,0.0,1269680520000.0
29,11155374466,/StocksDoc/status/11155374466#m,StocksDoc,0.0,0.0,2010-03-27 06:06:00+00:00,1269669960000.0,Friday March 26 2010 Most Actives $AAPL $SPY $QQQQ $BAC $MSFT $IWM ... http://bit.ly/a5dJEy,0.0,0.0,0.0,1269669960000.0
30,11154795958,/TraderFlorida/status/11154795958#m,TraderFlorida,0.0,0.0,2010-03-27 05:52:00+00:00,1269669120000.0,"http://chart.ly/gq7hmw $SPY - same for for the SPY, cont's to ride this uptrend channel - a rest or sideway action is needed",0.0,0.0,1.0,1269669120000.0
31,11137299257,/koolaidluke/status/11137299257#m,koolaidluke,0.0,0.0,2010-03-27 09:48:00+00:00,1269683280000.0,http://chart.ly/vf9ke5 $SPY - 200 week MA was support in '08 but is now acting as resistance.,0.0,0.0,0.0,1269683280000.0
32,11126329996,/Eagle999999999/status/11126329996#m,Eagle999999999,0.0,0.0,2010-03-27 03:35:00+00:00,1269660900000.0,$SPY SPY Still In The Channel. http://fsc.bz/3Wv #WORDEN,0.0,0.0,0.0,1269660900000.0
33,11116988227,/STtrending/status/11116988227#m,STtrending,0.0,0.0,2010-03-27 12:03:00+00:00,1269691380000.0,Trending now on StockTwits: $AAPL $T $ABIO $RIMM $SPY $IOC $GS $AMZN $WBD $RSX,0.0,0.0,0.0,1269691380000.0
34,11116899232,/psychotrader/status/11116899232#m,psychotrader,0.0,0.0,2010-03-27 12:01:00+00:00,1269691260000.0,why $spy and $qqqq run up till 8pm after hours??? never seen that so quick and up big??? news???,0.0,0.0,0.0,1269691260000.0
35,11161865718,/tecktrdr/status/11161865718#m,tecktrdr,0.0,0.0,2010-03-27 09:02:00+00:00,1269680520000.0,$spy ...day off... a couple excellnt coffees -great C.O.D. session -stimulus package coming 30th.... cant wait,0.0,0.0,0.0,1269680520000.0
36,11155374466,/StocksDoc/status/11155374466#m,StocksDoc,0.0,0.0,2010-03-27 06:06:00+00:00,1269669960000.0,Friday March 26 2010 Most Actives $AAPL $SPY $QQQQ $BAC $MSFT $IWM ... http://bit.ly/a5dJEy,0.0,0.0,0.0,1269669960000.0
37,11154795958,/TraderFlorida/status/11154795958#m,TraderFlorida,0.0,0.0,2010-03-27 05:52:00+00:00,1269669120000.0,"http://chart.ly/gq7hmw $SPY - same for for the SPY, cont's to ride this uptrend channel - a rest or sideway action is needed",0.0,0.0,1.0,1269669120000.0
38,11137299257,/koolaidluke/status/11137299257#m,koolaidluke,0.0,0.0,2010-03-27 09:48:00+00:00,1269683280000.0,http://chart.ly/vf9ke5 $SPY - 200 week MA was support in '08 but is now acting as resistance.,0.0,0.0,0.0,1269683280000.0
39,11126329996,/Eagle999999999/status/11126329996#m,Eagle999999999,0.0,0.0,2010-03-27 03:35:00+00:00,1269660900000.0,$SPY SPY Still In The Channel. http://fsc.bz/3Wv #WORDEN,0.0,0.0,0.0,1269660900000.0
40,11116988227,/STtrending/status/11116988227#m,STtrending,0.0,0.0,2010-03-27 12:03:00+00:00,1269691380000.0,Trending now on StockTwits: $AAPL $T $ABIO $RIMM $SPY $IOC $GS $AMZN $WBD $RSX,0.0,0.0,0.0,1269691380000.0
41,11116899232,/psychotrader/status/11116899232#m,psychotrader,0.0,0.0,2010-03-27 12:01:00+00:00,1269691260000.0,why $spy and $qqqq run up till 8pm after hours??? never seen that so quick and up big??? news???,0.0,0.0,0.0,1269691260000.0
42,11161865718,/tecktrdr/status/11161865718#m,tecktrdr,0.0,0.0,2010-03-27 09:02:00+00:00,1269680520000.0,$spy ...day off... a couple excellnt coffees -great C.O.D. session -stimulus package coming 30th.... cant wait,0.0,0.0,0.0,1269680520000.0
43,11155374466,/StocksDoc/status/11155374466#m,StocksDoc,0.0,0.0,2010-03-27 06:06:00+00:00,1269669960000.0,Friday March 26 2010 Most Actives $AAPL $SPY $QQQQ $BAC $MSFT $IWM ... http://bit.ly/a5dJEy,0.0,0.0,0.0,1269669960000.0
44,11154795958,/TraderFlorida/status/11154795958#m,TraderFlorida,0.0,0.0,2010-03-27 05:52:00+00:00,1269669120000.0,"http://chart.ly/gq7hmw $SPY - same for for the SPY, cont's to ride this uptrend channel - a rest or sideway action is needed",0.0,0.0,1.0,1269669120000.0
45,11137299257,/koolaidluke/status/11137299257#m,koolaidluke,0.0,0.0,2010-03-27 09:48:00+00:00,1269683280000.0,http://chart.ly/vf9ke5 $SPY - 200 week MA was support in '08 but is now acting as resistance.,0.0,0.0,0.0,1269683280000.0
46,11126329996,/Eagle999999999/status/11126329996#m,Eagle999999999,0.0,0.0,2010-03-27 03:35:00+00:00,1269660900000.0,$SPY SPY Still In The Channel. http://fsc.bz/3Wv #WORDEN,0.0,0.0,0.0,1269660900000.0
47,11116988227,/STtrending/status/11116988227#m,STtrending,0.0,0.0,2010-03-27 12:03:00+00:00,1269691380000.0,Trending now on StockTwits: $AAPL $T $ABIO $RIMM $SPY $IOC $GS $AMZN $WBD $RSX,0.0,0.0,0.0,1269691380000.0
48,11116899232,/psychotrader/status/11116899232#m,psychotrader,0.0,0.0,2010-03-27 12:01:00+00:00,1269691260000.0,why $spy and $qqqq run up till 8pm after hours??? never seen that so quick and up big??? news???,0.0,0.0,0.0,1269691260000.0
49,11161865718,/tecktrdr/status/11161865718#m,tecktrdr,0.0,0.0,2010-03-27 09:02:00+00:00,1269680520000.0,$spy ...day off... a couple excellnt coffees -great C.O.D. session -stimulus package coming 30th.... cant wait,0.0,0.0,0.0,1269680520000.0
50,11155374466,/StocksDoc/status/11155374466#m,StocksDoc,0.0,0.0,2010-03-27 06:06:00+00:00,1269669960000.0,Friday March 26 2010 Most Actives $AAPL $SPY $QQQQ $BAC $MSFT $IWM ... http://bit.ly/a5dJEy,0.0,0.0,0.0,1269669960000.0
51,11154795958,/TraderFlorida/status/11154795958#m,TraderFlorida,0.0,0.0,2010-03-27 05:52:00+00:00,1269669120000.0,"http://chart.ly/gq7hmw $SPY - same for for the SPY, cont's to ride this uptrend channel - a rest or sideway action is needed",0.0,0.0,1.0,1269669120000.0
52,11137299257,/koolaidluke/status/11137299257#m,koolaidluke,0.0,0.0,2010-03-27 09:48:00+00:00,1269683280000.0,http://chart.ly/vf9ke5 $SPY - 200 week MA was support in '08 but is now acting as resistance.,0.0,0.0,0.0,1269683280000.0
53,11126329996,/Eagle999999999/status/11126329996#m,Eagle999999999,0.0,0.0,2010-03-27 03:35:00+00:00,1269660900000.0,$SPY SPY Still In The Channel. http://fsc.bz/3Wv #WORDEN,0.0,0.0,0.0,1269660900000.0
54,11116988227,/STtrending/status/11116988227#m,STtrending,0.0,0.0,2010-03-27 12:03:00+00:00,1269691380000.0,Trending now on StockTwits: $AAPL $T $ABIO $RIMM $SPY $IOC $GS $AMZN $WBD $RSX,0.0,0.0,0.0,1269691380000.0
55,11116899232,/psychotrader/status/11116899232#m,psychotrader,0.0,0.0,2010-03-27 12:01:00+00:00,1269691260000.0,why $spy and $qqqq run up till 8pm after hours??? never seen that so quick and up big??? news???,0.0,0.0,0.0,1269691260000.0
56,11161865718,/tecktrdr/status/11161865718#m,tecktrdr,0.0,0.0,2010-03-27 09:02:00+00:00,1269680520000.0,$spy ...day off... a couple excellnt coffees -great C.O.D. session -stimulus package coming 30th.... cant wait,0.0,0.0,0.0,1269680520000.0
57,11155374466,/StocksDoc/status/11155374466#m,StocksDoc,0.0,0.0,2010-03-27 06:06:00+00:00,1269669960000.0,Friday March 26 2010 Most Actives $AAPL $SPY $QQQQ $BAC $MSFT $IWM ... http://bit.ly/a5dJEy,0.0,0.0,0.0,1269669960000.0
58,11154795958,/TraderFlorida/status/11154795958#m,TraderFlorida,0.0,0.0,2010-03-27 05:52:00+00:00,1269669120000.0,"http://chart.ly/gq7hmw $SPY - same for for the SPY, cont's to ride this uptrend channel - a rest or sideway action is needed",0.0,0.0,1.0,1269669120000.0
59,11137299257,/koolaidluke/status/11137299257#m,koolaidluke,0.0,0.0,2010-03-27 09:48:00+00:00,1269683280000.0,http://chart.ly/vf9ke5 $SPY - 200 week MA was support in '08 but is now acting as resistance.,0.0,0.0,0.0,1269683280000.0
60,11126329996,/Eagle999999999/status/11126329996#m,Eagle999999999,0.0,0.0,2010-03-27 03:35:00+00:00,1269660900000.0,$SPY SPY Still In The Channel. http://fsc.bz/3Wv #WORDEN,0.0,0.0,0.0,1269660900000.0
61,11116988227,/STtrending/status/11116988227#m,STtrending,0.0,0.0,2010-03-27 12:03:00+00:00,1269691380000.0,Trending now on StockTwits: $AAPL $T $ABIO $RIMM $SPY $IOC $GS $AMZN $WBD $RSX,0.0,0.0,0.0,1269691380000.0
62,11116899232,/psychotrader/status/11116899232#m,psychotrader,0.0,0.0,2010-03-27 12:01:00+00:00,1269691260000.0,why $spy and $qqqq run up till 8pm after hours??? never seen that so quick and up big??? news???,0.0,0.0,0.0,1269691260000.0
63,11161865718,/tecktrdr/status/11161865718#m,tecktrdr,0.0,0.0,2010-03-27 09:02:00+00:00,1269680520000.0,$spy ...day off... a couple excellnt coffees -great C.O.D. session -stimulus package coming 30th.... cant wait,0.0,0.0,0.0,1269680520000.0
64,11155374466,/StocksDoc/status/11155374466#m,StocksDoc,0.0,0.0,2010-03-27 06:06:00+00:00,1269669960000.0,Friday March 26 2010 Most Actives $AAPL $SPY $QQQQ $BAC $MSFT $IWM ... http://bit.ly/a5dJEy,0.0,0.0,0.0,1269669960000.0
65,11154795958,/TraderFlorida/status/11154795958#m,TraderFlorida,0.0,0.0,2010-03-27 05:52:00+00:00,1269669120000.0,"http://chart.ly/gq7hmw $SPY - same for for the SPY, cont's to ride this uptrend channel - a rest or sideway action is needed",0.0,0.0,1.0,1269669120000.0
66,11137299257,/koolaidluke/status/11137299257#m,koolaidluke,0.0,0.0,2010-03-27 09:48:00+00:00,1269683280000.0,http://chart.ly/vf9ke5 $SPY - 200 week MA was support in '08 but is now acting as resistance.,0.0,0.0,0.0,1269683280000.0
67,11126329996,/Eagle999999999/status/11126329996#m,Eagle999999999,0.0,0.0,2010-03-27 03:35:00+00:00,1269660900000.0,$SPY SPY Still In The Channel. http://fsc.bz/3Wv #WORDEN,0.0,0.0,0.0,1269660900000.0
68,11116988227,/STtrending/status/11116988227#m,STtrending,0.0,0.0,2010-03-27 12:03:00+00:00,1269691380000.0,Trending now on StockTwits: $AAPL $T $ABIO $RIMM $SPY $IOC $GS $AMZN $WBD $RSX,0.0,0.0,0.0,1269691380000.0
69,11116899232,/psychotrader/status/11116899232#m,psychotrader,0.0,0.0,2010-03-27 12:01:00+00:00,1269691260000.0,why $spy and $qqqq run up till 8pm after hours??? never seen that so quick and up big??? news???,0.0,0.0,0.0,1269691260000.0
70,11161865718,/tecktrdr/status/11161865718#m,tecktrdr,0.0,0.0,2010-03-27 09:02:00+00:00,1269680520000.0,$spy ...day off... a couple excellnt coffees -great C.O.D. session -stimulus package coming 30th.... cant wait,0.0,0.0,0.0,1269680520000.0
71,11155374466,/StocksDoc/status/11155374466#m,StocksDoc,0.0,0.0,2010-03-27 06:06:00+00:00,1269669960000.0,Friday March 26 2010 Most Actives $AAPL $SPY $QQQQ $BAC $MSFT $IWM ... http://bit.ly/a5dJEy,0.0,0.0,0.0,1269669960000.0
72,11154795958,/TraderFlorida/status/11154795958#m,TraderFlorida,0.0,0.0,2010-03-27 05:52:00+00:00,1269669120000.0,"http://chart.ly/gq7hmw $SPY - same for for the SPY, cont's to ride this uptrend channel - a rest or sideway action is needed",0.0,0.0,1.0,1269669120000.0
73,11137299257,/koolaidluke/status/11137299257#m,koolaidluke,0.0,0.0,2010-03-27 09:48:00+00:00,1269683280000.0,http://chart.ly/vf9ke5 $SPY - 200 week MA was support in '08 but is now acting as resistance.,0.0,0.0,0.0,1269683280000.0
74,11126329996,/Eagle999999999/status/11126329996#m,Eagle999999999,0.0,0.0,2010-03-27 03:35:00+00:00,1269660900000.0,$SPY SPY Still In The Channel. http://fsc.bz/3Wv #WORDEN,0.0,0.0,0.0,1269660900000.0
75,11116988227,/STtrending/status/11116988227#m,STtrending,0.0,0.0,2010-03-27 12:03:00+00:00,1269691380000.0,Trending now on StockTwits: $AAPL $T $ABIO $RIMM $SPY $IOC $GS $AMZN $WBD $RSX,0.0,0.0,0.0,1269691380000.0
76,11116899232,/psychotrader/status/11116899232#m,psychotrader,0.0,0.0,2010-03-27 12:01:00+00:00,1269691260000.0,why $spy and $qqqq run up till 8pm after hours??? never seen that so quick and up big??? news???,0.0,0.0,0.0,1269691260000.0
77,11161865718,/tecktrdr/status/11161865718#m,tecktrdr,0.0,0.0,2010-03-27 09:02:00+00:00,1269680520000.0,$spy ...day off... a couple excellnt coffees -great C.O.D. session -stimulus package coming 30th.... cant wait,0.0,0.0,0.0,1269680520000.0
78,11155374466,/StocksDoc/status/11155374466#m,StocksDoc,0.0,0.0,2010-03-27 06:06:00+00:00,1269669960000.0,Friday March 26 2010 Most Actives $AAPL $SPY $QQQQ $BAC $MSFT $IWM ... http://bit.ly/a5dJEy,0.0,0.0,0.0,1269669960000.0
79,11154795958,/TraderFlorida/status/11154795958#m,TraderFlorida,0.0,0.0,2010-03-27 05:52:00+00:00,1269669120000.0,"http://chart.ly/gq7hmw $SPY - same for for the SPY, cont's to ride this uptrend channel - a rest or sideway action is needed",0.0,0.0,1.0,1269669120000.0
80,11137299257,/koolaidluke/status/11137299257#m,koolaidluke,0.0,0.0,2010-03-27 09:48:00+00:00,1269683280000.0,http://chart.ly/vf9ke5 $SPY - 200 week MA was support in '08 but is now acting as resistance.,0.0,0.0,0.0,1269683280000.0
81,11126329996,/Eagle999999999/status/11126329996#m,Eagle999999999,0.0,0.0,2010-03-27 03:35:00+00:00,1269660900000.0,$SPY SPY Still In The Channel. http://fsc.bz/3Wv #WORDEN,0.0,0.0,0.0,1269660900000.0
82,11116988227,/STtrending/status/11116988227#m,STtrending,0.0,0.0,2010-03-27 12:03:00+00:00,1269691380000.0,Trending now on StockTwits: $AAPL $T $ABIO $RIMM $SPY $IOC $GS $AMZN $WBD $RSX,0.0,0.0,0.0,1269691380000.0
83,11116899232,/psychotrader/status/11116899232#m,psychotrader,0.0,0.0,2010-03-27 12:01:00+00:00,1269691260000.0,why $spy and $qqqq run up till 8pm after hours??? never seen that so quick and up big??? news???,0.0,0.0,0.0,1269691260000.0
84,11161865718,/tecktrdr/status/11161865718#m,tecktrdr,0.0,0.0,2010-03-27 09:02:00+00:00,1269680520000.0,$spy ...day off... a couple excellnt coffees -great C.O.D. session -stimulus package coming 30th.... cant wait,0.0,0.0,0.0,1269680520000.0
85,11155374466,/StocksDoc/status/11155374466#m,StocksDoc,0.0,0.0,2010-03-27 06:06:00+00:00,1269669960000.0,Friday March 26 2010 Most Actives $AAPL $SPY $QQQQ $BAC $MSFT $IWM ... http://bit.ly/a5dJEy,0.0,0.0,0.0,1269669960000.0
86,11154795958,/TraderFlorida/status/11154795958#m,TraderFlorida,0.0,0.0,2010-03-27 05:52:00+00:00,1269669120000.0,"http://chart.ly/gq7hmw $SPY - same for for the SPY, cont's to ride this uptrend channel - a rest or sideway action is needed",0.0,0.0,1.0,1269669120000.0
87,11137299257,/koolaidluke/status/11137299257#m,koolaidluke,0.0,0.0,2010-03-27 09:48:00+00:00,1269683280000.0,http://chart.ly/vf9ke5 $SPY - 200 week MA was support in '08 but is now acting as resistance.,0.0,0.0,0.0,1269683280000.0
88,11126329996,/Eagle999999999/status/11126329996#m,Eagle999999999,0.0,0.0,2010-03-27 03:35:00+00:00,1269660900000.0,$SPY SPY Still In The Channel. http://fsc.bz/3Wv #WORDEN,0.0,0.0,0.0,1269660900000.0
89,11116988227,/STtrending/status/11116988227#m,STtrending,0.0,0.0,2010-03-27 12:03:00+00:00,1269691380000.0,Trending now on StockTwits: $AAPL $T $ABIO $RIMM $SPY $IOC $GS $AMZN $WBD $RSX,0.0,0.0,0.0,1269691380000.0
90,11116899232,/psychotrader/status/11116899232#m,psychotrader,0.0,0.0,2010-03-27 12:01:00+00:00,1269691260000.0,why $spy and $qqqq run up till 8pm after hours??? never seen that so quick and up big??? news???,0.0,0.0,0.0,1269691260000.0
91,11161865718,/tecktrdr/status/11161865718#m,tecktrdr,0.0,0.0,2010-03-27 09:02:00+00:00,1269680520000.0,$spy ...day off... a couple excellnt coffees -great C.O.D. session -stimulus package coming 30th.... cant wait,0.0,0.0,0.0,1269680520000.0
92,11155374466,/StocksDoc/status/11155374466#m,StocksDoc,0.0,0.0,2010-03-27 06:06:00+00:00,1269669960000.0,Friday March 26 2010 Most Actives $AAPL $SPY $QQQQ $BAC $MSFT $IWM ... http://bit.ly/a5dJEy,0.0,0.0,0.0,1269669960000.0
93,11154795958,/TraderFlorida/status/11154795958#m,TraderFlorida,0.0,0.0,2010-03-27 05:52:00+00:00,1269669120000.0,"http://chart.ly/gq7hmw $SPY - same for for the SPY, cont's to ride this uptrend channel - a rest or sideway action is needed",0.0,0.0,1.0,1269669120000.0
94,11137299257,/koolaidluke/status/11137299257#m,koolaidluke,0.0,0.0,2010-03-27 09:48:00+00:00,1269683280000.0,http://chart.ly/vf9ke5 $SPY - 200 week MA was support in '08 but is now acting as resistance.,0.0,0.0,0.0,1269683280000.0
95,11126329996,/Eagle999999999/status/11126329996#m,Eagle999999999,0.0,0.0,2010-03-27 03:35:00+00:00,1269660900000.0,$SPY SPY Still In The Channel. http://fsc.bz/3Wv #WORDEN,0.0,0.0,0.0,1269660900000.0
96,11116988227,/STtrending/status/11116988227#m,STtrending,0.0,0.0,2010-03-27 12:03:00+00:00,1269691380000.0,Trending now on StockTwits: $AAPL $T $ABIO $RIMM $SPY $IOC $GS $AMZN $WBD $RSX,0.0,0.0,0.0,1269691380000.0
97,11116899232,/psychotrader/status/11116899232#m,psychotrader,0.0,0.0,2010-03-27 12:01:00+00:00,1269691260000.0,why $spy and $qqqq run up till 8pm after hours??? never seen that so quick and up big??? news???,0.0,0.0,0.0,1269691260000.0
98,11161865718,/tecktrdr/status/11161865718#m,tecktrdr,0.0,0.0,2010-03-27 09:02:00+00:00,1269680520000.0,$spy ...day off... a couple excellnt coffees -great C.O.D. session -stimulus package coming 30th.... cant wait,0.0,0.0,0.0,1269680520000.0
99,11155374466,/StocksDoc/status/11155374466#m,StocksDoc,0.0,0.0,2010-03-27 06:06:00+00:00,1269669960000.0,Friday March 26 2010 Most Actives $AAPL $SPY $QQQQ $BAC $MSFT $IWM ... http://bit.ly/a5dJEy,0.0,0.0,0.0,1269669960000.0
100,11154795958,/TraderFlorida/status/11154795958#m,TraderFlorida,0.0,0.0,2010-03-27 05:52:00+00:00,1269669120000.0,"http://chart.ly/gq7hmw $SPY - same for for the SPY, cont's to ride this uptrend channel - a rest or sideway action is needed",0.0,0.0,1.0,1269669120000.0
101,11137299257,/koolaidluke/status/11137299257#m,koolaidluke,0.0,0.0,2010-03-27 09:48:00+00:00,1269683280000.0,http://chart.ly/vf9ke5 $SPY - 200 week MA was support in '08 but is now acting as resistance.,0.0,0.0,0.0,1269683280000.0
102,11126329996,/Eagle999999999/status/11126329996#m,Eagle999999999,0.0,0.0,2010-03-27 03:35:00+00:00,1269660900000.0,$SPY SPY Still In The Channel. http://fsc.bz/3Wv #WORDEN,0.0,0.0,0.0,1269660900000.0
103,11116988227,/STtrending/status/11116988227#m,STtrending,0.0,0.0,2010-03-27 12:03:00+00:00,1269691380000.0,Trending now on StockTwits: $AAPL $T $ABIO $RIMM $SPY $IOC $GS $AMZN $WBD $RSX,0.0,0.0,0.0,1269691380000.0
104,11116899232,/psychotrader/status/11116899232#m,psychotrader,0.0,0.0,2010-03-27 12:01:00+00:00,1269691260000.0,why $spy and $qqqq run up till 8pm after hours??? never seen that so quick and up big??? news???,0.0,0.0,0.0,1269691260000.0
105,11161865718,/tecktrdr/status/11161865718#m,tecktrdr,0.0,0.0,2010-03-27 09:02:00+00:00,1269680520000.0,$spy ...day off... a couple excellnt coffees -great C.O.D. session -stimulus package coming 30th.... cant wait,0.0,0.0,0.0,1269680520000.0
106,11155374466,/StocksDoc/status/11155374466#m,StocksDoc,0.0,0.0,2010-03-27 06:06:00+00:00,1269669960000.0,Friday March 26 2010 Most Actives $AAPL $SPY $QQQQ $BAC $MSFT $IWM ... http://bit.ly/a5dJEy,0.0,0.0,0.0,1269669960000.0
107,11154795958,/TraderFlorida/status/11154795958#m,TraderFlorida,0.0,0.0,2010-03-27 05:52:00+00:00,1269669120000.0,"http://chart.ly/gq7hmw $SPY - same for for the SPY, cont's to ride this uptrend channel - a rest or sideway action is needed",0.0,0.0,1.0,1269669120000.0
108,11137299257,/koolaidluke/status/11137299257#m,koolaidluke,0.0,0.0,2010-03-27 09:48:00+00:00,1269683280000.0,http://chart.ly/vf9ke5 $SPY - 200 week MA was support in '08 but is now acting as resistance.,0.0,0.0,0.0,1269683280000.0
109,11126329996,/Eagle999999999/status/11126329996#m,Eagle999999999,0.0,0.0,2010-03-27 03:35:00+00:00,1269660900000.0,$SPY SPY Still In The Channel. http://fsc.bz/3Wv #WORDEN,0.0,0.0,0.0,1269660900000.0
110,11116988227,/STtrending/status/11116988227#m,STtrending,0.0,0.0,2010-03-27 12:03:00+00:00,1269691380000.0,Trending now on StockTwits: $AAPL $T $ABIO $RIMM $SPY $IOC $GS $AMZN $WBD $RSX,0.0,0.0,0.0,1269691380000.0
111,11116899232,/psychotrader/status/11116899232#m,psychotrader,0.0,0.0,2010-03-27 12:01:00+00:00,1269691260000.0,why $spy and $qqqq run up till 8pm after hours??? never seen that so quick and up big??? news???,0.0,0.0,0.0,1269691260000.0
112,11161865718,/tecktrdr/status/11161865718#m,tecktrdr,0.0,0.0,2010-03-27 09:02:00+00:00,1269680520000.0,$spy ...day off... a couple excellnt coffees -great C.O.D. session -stimulus package coming 30th.... cant wait,0.0,0.0,0.0,1269680520000.0
113,11155374466,/StocksDoc/status/11155374466#m,StocksDoc,0.0,0.0,2010-03-27 06:06:00+00:00,1269669960000.0,Friday March 26 2010 Most Actives $AAPL $SPY $QQQQ $BAC $MSFT $IWM ... http://bit.ly/a5dJEy,0.0,0.0,0.0,1269669960000.0
114,11154795958,/TraderFlorida/status/11154795958#m,TraderFlorida,0.0,0.0,2010-03-27 05:52:00+00:00,1269669120000.0,"http://chart.ly/gq7hmw $SPY - same for for the SPY, cont's to ride this uptrend channel - a rest or sideway action is needed",0.0,0.0,1.0,1269669120000.0
115,11137299257,/koolaidluke/status/11137299257#m,koolaidluke,0.0,0.0,2010-03-27 09:48:00+00:00,1269683280000.0,http://chart.ly/vf9ke5 $SPY - 200 week MA was support in '08 but is now acting as resistance.,0.0,0.0,0.0,1269683280000.0
116,11126329996,/Eagle999999999/status/11126329996#m,Eagle999999999,0.0,0.0,2010-03-27 03:35:00+00:00,1269660900000.0,$SPY SPY Still In The Channel. http://fsc.bz/3Wv #WORDEN,0.0,0.0,0.0,1269660900000.0
117,11116988227,/STtrending/status/11116988227#m,STtrending,0.0,0.0,2010-03-27 12:03:00+00:00,1269691380000.0,Trending now on StockTwits: $AAPL $T $ABIO $RIMM $SPY $IOC $GS $AMZN $WBD $RSX,0.0,0.0,0.0,1269691380000.0
118,11116899232,/psychotrader/status/11116899232#m,psychotrader,0.0,0.0,2010-03-27 12:01:00+00:00,1269691260000.0,why $spy and $qqqq run up till 8pm after hours??? never seen that so quick and up big??? news???,0.0,0.0,0.0,1269691260000.0
119,11161865718,/tecktrdr/status/11161865718#m,tecktrdr,0.0,0.0,2010-03-27 09:02:00+00:00,1269680520000.0,$spy ...day off... a couple excellnt coffees -great C.O.D. session -stimulus package coming 30th.... cant wait,0.0,0.0,0.0,1269680520000.0
120,11155374466,/StocksDoc/status/11155374466#m,StocksDoc,0.0,0.0,2010-03-27 06:06:00+00:00,1269669960000.0,Friday March 26 2010 Most Actives $AAPL $SPY $QQQQ $BAC $MSFT $IWM ... http://bit.ly/a5dJEy,0.0,0.0,0.0,1269669960000.0
121,11154795958,/TraderFlorida/status/11154795958#m,TraderFlorida,0.0,0.0,2010-03-27 05:52:00+00:00,1269669120000.0,"http://chart.ly/gq7hmw $SPY - same for for the SPY, cont's to ride this uptrend channel - a rest or sideway action is needed",0.0,0.0,1.0,1269669120000.0
122,11137299257,/koolaidluke/status/11137299257#m,koolaidluke,0.0,0.0,2010-03-27 09:48:00+00:00,1269683280000.0,http://chart.ly/vf9ke5 $SPY - 200 week MA was support in '08 but is now acting as resistance.,0.0,0.0,0.0,1269683280000.0
123,11126329996,/Eagle999999999/status/11126329996#m,Eagle999999999,0.0,0.0,2010-03-27 03:35:00+00:00,1269660900000.0,$SPY SPY Still In The Channel. http://fsc.bz/3Wv #WORDEN,0.0,0.0,0.0,1269660900000.0
124,11116988227,/STtrending/status/11116988227#m,STtrending,0.0,0.0,2010-03-27 12:03:00+00:00,1269691380000.0,Trending now on StockTwits: $AAPL $T $ABIO $RIMM $SPY $IOC $GS $AMZN $WBD $RSX,0.0,0.0,0.0,1269691380000.0
125,11116899232,/psychotrader/status/11116899232#m,psychotrader,0.0,0.0,2010-03-27 12:01:00+00:00,1269691260000.0,why $spy and $qqqq run up till 8pm after hours??? never seen that so quick and up big??? news???,0.0,0.0,0.0,1269691260000.0
126,11161865718,/tecktrdr/status/11161865718#m,tecktrdr,0.0,0.0,2010-03-27 09:02:00+00:00,1269680520000.0,$spy ...day off... a couple excellnt coffees -great C.O.D. session -stimulus package coming 30th.... cant wait,0.0,0.0,0.0,1269680520000.0
127,11155374466,/StocksDoc/status/11155374466#m,StocksDoc,0.0,0.0,2010-03-27 06:06:00+00:00,1269669960000.0,Friday March 26 2010 Most Actives $AAPL $SPY $QQQQ $BAC $MSFT $IWM ... http://bit.ly/a5dJEy,0.0,0.0,0.0,1269669960000.0
128,11154795958,/TraderFlorida/status/11154795958#m,TraderFlorida,0.0,0.0,2010-03-27 05:52:00+00:00,1269669120000.0,"http://chart.ly/gq7hmw $SPY - same for for the SPY, cont's to ride this uptrend channel - a rest or sideway action is needed",0.0,0.0,1.0,1269669120000.0
129,11137299257,/koolaidluke/status/11137299257#m,koolaidluke,0.0,0.0,2010-03-27 09:48:00+00:00,1269683280000.0,http://chart.ly/vf9ke5 $SPY - 200 week MA was support in '08 but is now acting as resistance.,0.0,0.0,0.0,1269683280000.0
130,11126329996,/Eagle999999999/status/11126329996#m,Eagle999999999,0.0,0.0,2010-03-27 03:35:00+00:00,1269660900000.0,$SPY SPY Still In The Channel. http://fsc.bz/3Wv #WORDEN,0.0,0.0,0.0,1269660900000.0
131,11116988227,/STtrending/status/11116988227#m,STtrending,0.0,0.0,2010-03-27 12:03:00+00:00,1269691380000.0,Trending now on StockTwits: $AAPL $T $ABIO $RIMM $SPY $IOC $GS $AMZN $WBD $RSX,0.0,0.0,0.0,1269691380000.0
132,11116899232,/psychotrader/status/11116899232#m,psychotrader,0.0,0.0,2010-03-27 12:01:00+00:00,1269691260000.0,why $spy and $qqqq run up till 8pm after hours??? never seen that so quick and up big??? news???,0.0,0.0,0.0,1269691260000.0
133,11161865718,/tecktrdr/status/11161865718#m,tecktrdr,0.0,0.0,2010-03-27 09:02:00+00:00,1269680520000.0,$spy ...day off... a couple excellnt coffees -great C.O.D. session -stimulus package coming 30th.... cant wait,0.0,0.0,0.0,1269680520000.0
134,11155374466,/StocksDoc/status/11155374466#m,StocksDoc,0.0,0.0,2010-03-27 06:06:00+00:00,1269669960000.0,Friday March 26 2010 Most Actives $AAPL $SPY $QQQQ $BAC $MSFT $IWM ... http://bit.ly/a5dJEy,0.0,0.0,0.0,1269669960000.0
135,11154795958,/TraderFlorida/status/11154795958#m,TraderFlorida,0.0,0.0,2010-03-27 05:52:00+00:00,1269669120000.0,"http://chart.ly/gq7hmw $SPY - same for for the SPY, cont's to ride this uptrend channel - a rest or sideway action is needed",0.0,0.0,1.0,1269669120000.0
136,11137299257,/koolaidluke/status/11137299257#m,koolaidluke,0.0,0.0,2010-03-27 09:48:00+00:00,1269683280000.0,http://chart.ly/vf9ke5 $SPY - 200 week MA was support in '08 but is now acting as resistance.,0.0,0.0,0.0,1269683280000.0
137,11126329996,/Eagle999999999/status/11126329996#m,Eagle999999999,0.0,0.0,2010-03-27 03:35:00+00:00,1269660900000.0,$SPY SPY Still In The Channel. http://fsc.bz/3Wv #WORDEN,0.0,0.0,0.0,1269660900000.0
138,11116988227,/STtrending/status/11116988227#m,STtrending,0.0,0.0,2010-03-27 12:03:00+00:00,1269691380000.0,Trending now on StockTwits: $AAPL $T $ABIO $RIMM $SPY $IOC $GS $AMZN $WBD $RSX,0.0,0.0,0.0,1269691380000.0
139,11116899232,/psychotrader/status/11116899232#m,psychotrader,0.0,0.0,2010-03-27 12:01:00+00:00,1269691260000.0,why $spy and $qqqq run up till 8pm after hours??? never seen that so quick and up big??? news???,0.0,0.0,0.0,1269691260000.0
140,11161865718,/tecktrdr/status/11161865718#m,tecktrdr,0.0,0.0,2010-03-27 09:02:00+00:00,1269680520000.0,$spy ...day off... a couple excellnt coffees -great C.O.D. session -stimulus package coming 30th.... cant wait,0.0,0.0,0.0,1269680520000.0
141,11155374466,/StocksDoc/status/11155374466#m,StocksDoc,0.0,0.0,2010-03-27 06:06:00+00:00,1269669960000.0,Friday March 26 2010 Most Actives $AAPL $SPY $QQQQ $BAC $MSFT $IWM ... http://bit.ly/a5dJEy,0.0,0.0,0.0,1269669960000.0
142,11154795958,/TraderFlorida/status/11154795958#m,TraderFlorida,0.0,0.0,2010-03-27 05:52:00+00:00,1269669120000.0,"http://chart.ly/gq7hmw $SPY - same for for the SPY, cont's to ride this uptrend channel - a rest or sideway action is needed",0.0,0.0,1.0,1269669120000.0
143,11137299257,/koolaidluke/status/11137299257#m,koolaidluke,0.0,0.0,2010-03-27 09:48:00+00:00,1269683280000.0,http://chart.ly/vf9ke5 $SPY - 200 week MA was support in '08 but is now acting as resistance.,0.0,0.0,0.0,1269683280000.0
144,11126329996,/Eagle999999999/status/11126329996#m,Eagle999999999,0.0,0.0,2010-03-27 03:35:00+00:00,1269660900000.0,$SPY SPY Still In The Channel. http://fsc.bz/3Wv #WORDEN,0.0,0.0,0.0,1269660900000.0
145,11116988227,/STtrending/status/11116988227#m,STtrending,0.0,0.0,2010-03-27 12:03:00+00:00,1269691380000.0,Trending now on StockTwits: $AAPL $T $ABIO $RIMM $SPY $IOC $GS $AMZN $WBD $RSX,0.0,0.0,0.0,1269691380000.0
146,11116899232,/psychotrader/status/11116899232#m,psychotrader,0.0,0.0,2010-03-27 12:01:00+00:00,1269691260000.0,why $spy and $qqqq run up till 8pm after hours??? never seen that so quick and up big??? news???,0.0,0.0,0.0,1269691260000.0
147,11161865718,/tecktrdr/status/11161865718#m,tecktrdr,0.0,0.0,2010-03-27 09:02:00+00:00,1269680520000.0,$spy ...day off... a couple excellnt coffees -great C.O.D. session -stimulus package coming 30th.... cant wait,0.0,0.0,0.0,1269680520000.0
148,11155374466,/StocksDoc/status/11155374466#m,StocksDoc,0.0,0.0,2010-03-27 06:06:00+00:00,1269669960000.0,Friday March 26 2010 Most Actives $AAPL $SPY $QQQQ $BAC $MSFT $IWM ... http://bit.ly/a5dJEy,0.0,0.0,0.0,1269669960000.0
149,11154795958,/TraderFlorida/status/11154795958#m,TraderFlorida,0.0,0.0,2010-03-27 05:52:00+00:00,1269669120000.0,"http://chart.ly/gq7hmw $SPY - same for for the SPY, cont's to ride this uptrend channel - a rest or sideway action is needed",0.0,0.0,1.0,1269669120000.0
150,11137299257,/koolaidluke/status/11137299257#m,koolaidluke,0.0,0.0,2010-03-27 09:48:00+00:00,1269683280000.0,http://chart.ly/vf9ke5 $SPY - 200 week MA was support in '08 but is now acting as resistance.,0.0,0.0,0.0,1269683280000.0
151,11126329996,/Eagle999999999/status/11126329996#m,Eagle999999999,0.0,0.0,2010-03-27 03:35:00+00:00,1269660900000.0,$SPY SPY Still In The Channel. http://fsc.bz/3Wv #WORDEN,0.0,0.0,0.0,1269660900000.0
152,11116988227,/STtrending/status/11116988227#m,STtrending,0.0,0.0,2010-03-27 12:03:00+00:00,1269691380000.0,Trending now on StockTwits: $AAPL $T $ABIO $RIMM $SPY $IOC $GS $AMZN $WBD $RSX,0.0,0.0,0.0,1269691380000.0
153,11116899232,/psychotrader/status/11116899232#m,psychotrader,0.0,0.0,2010-03-27 12:01:00+00:00,1269691260000.0,why $spy and $qqqq run up till 8pm after hours??? never seen that so quick and up big??? news???,0.0,0.0,0.0,1269691260000.0
154,11161865718,/tecktrdr/status/11161865718#m,tecktrdr,0.0,0.0,2010-03-27 09:02:00+00:00,1269680520000.0,$spy ...day off... a couple excellnt coffees -great C.O.D. session -stimulus package coming 30th.... cant wait,0.0,0.0,0.0,1269680520000.0
155,11155374466,/StocksDoc/status/11155374466#m,StocksDoc,0.0,0.0,2010-03-27 06:06:00+00:00,1269669960000.0,Friday March 26 2010 Most Actives $AAPL $SPY $QQQQ $BAC $MSFT $IWM ... http://bit.ly/a5dJEy,0.0,0.0,0.0,1269669960000.0
156,11154795958,/TraderFlorida/status/11154795958#m,TraderFlorida,0.0,0.0,2010-03-27 05:52:00+00:00,1269669120000.0,"http://chart.ly/gq7hmw $SPY - same for for the SPY, cont's to ride this uptrend channel - a rest or sideway action is needed",0.0,0.0,1.0,1269669120000.0
157,11137299257,/koolaidluke/status/11137299257#m,koolaidluke,0.0,0.0,2010-03-27 09:48:00+00:00,1269683280000.0,http://chart.ly/vf9ke5 $SPY - 200 week MA was support in '08 but is now acting as resistance.,0.0,0.0,0.0,1269683280000.0
158,11126329996,/Eagle999999999/status/11126329996#m,Eagle999999999,0.0,0.0,2010-03-27 03:35:00+00:00,1269660900000.0,$SPY SPY Still In The Channel. http://fsc.bz/3Wv #WORDEN,0.0,0.0,0.0,1269660900000.0
159,11116988227,/STtrending/status/11116988227#m,STtrending,0.0,0.0,2010-03-27 12:03:00+00:00,1269691380000.0,Trending now on StockTwits: $AAPL $T $ABIO $RIMM $SPY $IOC $GS $AMZN $WBD $RSX,0.0,0.0,0.0,1269691380000.0
160,11116899232,/psychotrader/status/11116899232#m,psychotrader,0.0,0.0,2010-03-27 12:01:00+00:00,1269691260000.0,why $spy and $qqqq run up till 8pm after hours??? never seen that so quick and up big??? news???,0.0,0.0,0.0,1269691260000.0
161,11161865718,/tecktrdr/status/11161865718#m,tecktrdr,0.0,0.0,2010-03-27 09:02:00+00:00,1269680520000.0,$spy ...day off... a couple excellnt coffees -great C.O.D. session -stimulus package coming 30th.... cant wait,0.0,0.0,0.0,1269680520000.0
162,11155374466,/StocksDoc/status/11155374466#m,StocksDoc,0.0,0.0,2010-03-27 06:06:00+00:00,1269669960000.0,Friday March 26 2010 Most Actives $AAPL $SPY $QQQQ $BAC $MSFT $IWM ... http://bit.ly/a5dJEy,0.0,0.0,0.0,1269669960000.0
163,11154795958,/TraderFlorida/status/11154795958#m,TraderFlorida,0.0,0.0,2010-03-27 05:52:00+00:00,1269669120000.0,"http://chart.ly/gq7hmw $SPY - same for for the SPY, cont's to ride this uptrend channel - a rest or sideway action is needed",0.0,0.0,1.0,1269669120000.0
164,11137299257,/koolaidluke/status/11137299257#m,koolaidluke,0.0,0.0,2010-03-27 09:48:00+00:00,1269683280000.0,http://chart.ly/vf9ke5 $SPY - 200 week MA was support in '08 but is now acting as resistance.,0.0,0.0,0.0,1269683280000.0
165,11126329996,/Eagle999999999/status/11126329996#m,Eagle999999999,0.0,0.0,2010-03-27 03:35:00+00:00,1269660900000.0,$SPY SPY Still In The Channel. http://fsc.bz/3Wv #WORDEN,0.0,0.0,0.0,1269660900000.0
166,11116988227,/STtrending/status/11116988227#m,STtrending,0.0,0.0,2010-03-27 12:03:00+00:00,1269691380000.0,Trending now on StockTwits: $AAPL $T $ABIO $RIMM $SPY $IOC $GS $AMZN $WBD $RSX,0.0,0.0,0.0,1269691380000.0
167,11116899232,/psychotrader/status/11116899232#m,psychotrader,0.0,0.0,2010-03-27 12:01:00+00:00,1269691260000.0,why $spy and $qqqq run up till 8pm after hours??? never seen that so quick and up big??? news???,0.0,0.0,0.0,1269691260000.0
168,11161865718,/tecktrdr/status/11161865718#m,tecktrdr,0.0,0.0,2010-03-27 09:02:00+00:00,1269680520000.0,$spy ...day off... a couple excellnt coffees -great C.O.D. session -stimulus package coming 30th.... cant wait,0.0,0.0,0.0,1269680520000.0
169,11155374466,/StocksDoc/status/11155374466#m,StocksDoc,0.0,0.0,2010-03-27 06:06:00+00:00,1269669960000.0,Friday March 26 2010 Most Actives $AAPL $SPY $QQQQ $BAC $MSFT $IWM ... http://bit.ly/a5dJEy,0.0,0.0,0.0,1269669960000.0
170,11154795958,/TraderFlorida/status/11154795958#m,TraderFlorida,0.0,0.0,2010-03-27 05:52:00+00:00,1269669120000.0,"http://chart.ly/gq7hmw $SPY - same for for the SPY, cont's to ride this uptrend channel - a rest or sideway action is needed",0.0,0.0,1.0,1269669120000.0
171,11137299257,/koolaidluke/status/11137299257#m,koolaidluke,0.0,0.0,2010-03-27 09:48:00+00:00,1269683280000.0,http://chart.ly/vf9ke5 $SPY - 200 week MA was support in '08 but is now acting as resistance.,0.0,0.0,0.0,1269683280000.0
172,11126329996,/Eagle999999999/status/11126329996#m,Eagle999999999,0.0,0.0,2010-03-27 03:35:00+00:00,1269660900000.0,$SPY SPY Still In The Channel. http://fsc.bz/3Wv #WORDEN,0.0,0.0,0.0,1269660900000.0
173,11116988227,/STtrending/status/11116988227#m,STtrending,0.0,0.0,2010-03-27 12:03:00+00:00,1269691380000.0,Trending now on StockTwits: $AAPL $T $ABIO $RIMM $SPY $IOC $GS $AMZN $WBD $RSX,0.0,0.0,0.0,1269691380000.0
174,11116899232,/psychotrader/status/11116899232#m,psychotrader,0.0,0.0,2010-03-27 12:01:00+00:00,1269691260000.0,why $spy and $qqqq run up till 8pm after hours??? never seen that so quick and up big??? news???,0.0,0.0,0.0,1269691260000.0
175,11161865718,/tecktrdr/status/11161865718#m,tecktrdr,0.0,0.0,2010-03-27 09:02:00+00:00,1269680520000.0,$spy ...day off... a couple excellnt coffees -great C.O.D. session -stimulus package coming 30th.... cant wait,0.0,0.0,0.0,1269680520000.0
176,11155374466,/StocksDoc/status/11155374466#m,StocksDoc,0.0,0.0,2010-03-27 06:06:00+00:00,1269669960000.0,Friday March 26 2010 Most Actives $AAPL $SPY $QQQQ $BAC $MSFT $IWM ... http://bit.ly/a5dJEy,0.0,0.0,0.0,1269669960000.0
177,11154795958,/TraderFlorida/status/11154795958#m,TraderFlorida,0.0,0.0,2010-03-27 05:52:00+00:00,1269669120000.0,"http://chart.ly/gq7hmw $SPY - same for for the SPY, cont's to ride this uptrend channel - a rest or sideway action is needed",0.0,0.0,1.0,1269669120000.0
178,11137299257,/koolaidluke/status/11137299257#m,koolaidluke,0.0,0.0,2010-03-27 09:48:00+00:00,1269683280000.0,http://chart.ly/vf9ke5 $SPY - 200 week MA was support in '08 but is now acting as resistance.,0.0,0.0,0.0,1269683280000.0
179,11126329996,/Eagle999999999/status/11126329996#m,Eagle999999999,0.0,0.0,2010-03-27 03:35:00+00:00,1269660900000.0,$SPY SPY Still In The Channel. http://fsc.bz/3Wv #WORDEN,0.0,0.0,0.0,1269660900000.0
180,11116988227,/STtrending/status/11116988227#m,STtrending,0.0,0.0,2010-03-27 12:03:00+00:00,1269691380000.0,Trending now on StockTwits: $AAPL $T $ABIO $RIMM $SPY $IOC $GS $AMZN $WBD $RSX,0.0,0.0,0.0,1269691380000.0
181,11116899232,/psychotrader/status/11116899232#m,psychotrader,0.0,0.0,2010-03-27 12:01:00+00:00,1269691260000.0,why $spy and $qqqq run up till 8pm after hours??? never seen that so quick and up big??? news???,0.0,0.0,0.0,1269691260000.0
182,11161865718,/tecktrdr/status/11161865718#m,tecktrdr,0.0,0.0,2010-03-27 09:02:00+00:00,1269680520000.0,$spy ...day off... a couple excellnt coffees -great C.O.D. session -stimulus package coming 30th.... cant wait,0.0,0.0,0.0,1269680520000.0
183,11155374466,/StocksDoc/status/11155374466#m,StocksDoc,0.0,0.0,2010-03-27 06:06:00+00:00,1269669960000.0,Friday March 26 2010 Most Actives $AAPL $SPY $QQQQ $BAC $MSFT $IWM ... http://bit.ly/a5dJEy,0.0,0.0,0.0,1269669960000.0
184,11154795958,/TraderFlorida/status/11154795958#m,TraderFlorida,0.0,0.0,2010-03-27 05:52:00+00:00,1269669120000.0,"http://chart.ly/gq7hmw $SPY - same for for the SPY, cont's to ride this uptrend channel - a rest or sideway action is needed",0.0,0.0,1.0,1269669120000.0
185,11137299257,/koolaidluke/status/11137299257#m,koolaidluke,0.0,0.0,2010-03-27 09:48:00+00:00,1269683280000.0,http://chart.ly/vf9ke5 $SPY - 200 week MA was support in '08 but is now acting as resistance.,0.0,0.0,0.0,1269683280000.0
186,11126329996,/Eagle999999999/status/11126329996#m,Eagle999999999,0.0,0.0,2010-03-27 03:35:00+00:00,1269660900000.0,$SPY SPY Still In The Channel. http://fsc.bz/3Wv #WORDEN,0.0,0.0,0.0,1269660900000.0
187,11116988227,/STtrending/status/11116988227#m,STtrending,0.0,0.0,2010-03-27 12:03:00+00:00,1269691380000.0,Trending now on StockTwits: $AAPL $T $ABIO $RIMM $SPY $IOC $GS $AMZN $WBD $RSX,0.0,0.0,0.0,1269691380000.0
188,11116899232,/psychotrader/status/11116899232#m,psychotrader,0.0,0.0,2010-03-27 12:01:00+00:00,1269691260000.0,why $spy and $qqqq run up till 8pm after hours??? never seen that so quick and up big??? news???,0.0,0.0,0.0,1269691260000.0
189,11161865718,/tecktrdr/status/11161865718#m,tecktrdr,0.0,0.0,2010-03-27 09:02:00+00:00,1269680520000.0,$spy ...day off... a couple excellnt coffees -great C.O.D. session -stimulus package coming 30th.... cant wait,0.0,0.0,0.0,1269680520000.0
190,11155374466,/StocksDoc/status/11155374466#m,StocksDoc,0.0,0.0,2010-03-27 06:06:00+00:00,1269669960000.0,Friday March 26 2010 Most Actives $AAPL $SPY $QQQQ $BAC $MSFT $IWM ... http://bit.ly/a5dJEy,0.0,0.0,0.0,1269669960000.0
191,11154795958,/TraderFlorida/status/11154795958#m,TraderFlorida,0.0,0.0,2010-03-27 05:52:00+00:00,1269669120000.0,"http://chart.ly/gq7hmw $SPY - same for for the SPY, cont's to ride this uptrend channel - a rest or sideway action is needed",0.0,0.0,1.0,1269669120000.0
192,11137299257,/koolaidluke/status/11137299257#m,koolaidluke,0.0,0.0,2010-03-27 09:48:00+00:00,1269683280000.0,http://chart.ly/vf9ke5 $SPY - 200 week MA was support in '08 but is now acting as resistance.,0.0,0.0,0.0,1269683280000.0
193,11126329996,/Eagle999999999/status/11126329996#m,Eagle999999999,0.0,0.0,2010-03-27 03:35:00+00:00,1269660900000.0,$SPY SPY Still In The Channel. http://fsc.bz/3Wv #WORDEN,0.0,0.0,0.0,1269660900000.0
194,11116988227,/STtrending/status/11116988227#m,STtrending,0.0,0.0,2010-03-27 12:03:00+00:00,1269691380000.0,Trending now on StockTwits: $AAPL $T $ABIO $RIMM $SPY $IOC $GS $AMZN $WBD $RSX,0.0,0.0,0.0,1269691380000.0
195,11116899232,/psychotrader/status/11116899232#m,psychotrader,0.0,0.0,2010-03-27 12:01:00+00:00,1269691260000.0,why $spy and $qqqq run up till 8pm after hours??? never seen that so quick and up big??? news???,0.0,0.0,0.0,1269691260000.0
196,11161865718,/tecktrdr/status/11161865718#m,tecktrdr,0.0,0.0,2010-03-27 09:02:00+00:00,1269680520000.0,$spy ...day off... a couple excellnt coffees -great C.O.D. session -stimulus package coming 30th.... cant wait,0.0,0.0,0.0,1269680520000.0
197,11155374466,/StocksDoc/status/11155374466#m,StocksDoc,0.0,0.0,2010-03-27 06:06:00+00:00,1269669960000.0,Friday March 26 2010 Most Actives $AAPL $SPY $QQQQ $BAC $MSFT $IWM ... http://bit.ly/a5dJEy,0.0,0.0,0.0,1269669960000.0
198,11154795958,/TraderFlorida/status/11154795958#m,TraderFlorida,0.0,0.0,2010-03-27 05:52:00+00:00,1269669120000.0,"http://chart.ly/gq7hmw $SPY - same for for the SPY, cont's to ride this uptrend channel - a rest or sideway action is needed",0.0,0.0,1.0,1269669120000.0
199,11137299257,/koolaidluke/status/11137299257#m,koolaidluke,0.0,0.0,2010-03-27 09:48:00+00:00,1269683280000.0,http://chart.ly/vf9ke5 $SPY - 200 week MA was support in '08 but is now acting as resistance.,0.0,0.0,0.0,1269683280000.0
200,11126329996,/Eagle999999999/status/11126329996#m,Eagle999999999,0.0,0.0,2010-03-27 03:35:00+00:00,1269660900000.0,$SPY SPY Still In The Channel. http://fsc.bz/3Wv #WORDEN,0.0,0.0,0.0,1269660900000.0
201,11116988227,/STtrending/status/11116988227#m,STtrending,0.0,0.0,2010-03-27 12:03:00+00:00,1269691380000.0,Trending now on StockTwits: $AAPL $T $ABIO $RIMM $SPY $IOC $GS $AMZN $WBD $RSX,0.0,0.0,0.0,1269691380000.0
202,11116899232,/psychotrader/status/11116899232#m,psychotrader,0.0,0.0,2010-03-27 12:01:00+00:00,1269691260000.0,why $spy and $qqqq run up till 8pm after hours??? never seen that so quick and up big??? news???,0.0,0.0,0.0,1269691260000.0
203,11161865718,/tecktrdr/status/11161865718#m,tecktrdr,0.0,0.0,2010-03-27 09:02:00+00:00,1269680520000.0,$spy ...day off... a couple excellnt coffees -great C.O.D. session -stimulus package coming 30th.... cant wait,0.0,0.0,0.0,1269680520000.0
204,11155374466,/StocksDoc/status/11155374466#m,StocksDoc,0.0,0.0,2010-03-27 06:06:00+00:00,1269669960000.0,Friday March 26 2010 Most Actives $AAPL $SPY $QQQQ $BAC $MSFT $IWM ... http://bit.ly/a5dJEy,0.0,0.0,0.0,1269669960000.0
205,11154795958,/TraderFlorida/status/11154795958#m,TraderFlorida,0.0,0.0,2010-03-27 05:52:00+00:00,1269669120000.0,"http://chart.ly/gq7hmw $SPY - same for for the SPY, cont's to ride this uptrend channel - a rest or sideway action is needed",0.0,0.0,1.0,1269669120000.0
206,11137299257,/koolaidluke/status/11137299257#m,koolaidluke,0.0,0.0,2010-03-27 09:48:00+00:00,1269683280000.0,http://chart.ly/vf9ke5 $SPY - 200 week MA was support in '08 but is now acting as resistance.,0.0,0.0,0.0,1269683280000.0
207,11126329996,/Eagle999999999/status/11126329996#m,Eagle999999999,0.0,0.0,2010-03-27 03:35:00+00:00,1269660900000.0,$SPY SPY Still In The Channel. http://fsc.bz/3Wv #WORDEN,0.0,0.0,0.0,1269660900000.0
208,11116988227,/STtrending/status/11116988227#m,STtrending,0.0,0.0,2010-03-27 12:03:00+00:00,1269691380000.0,Trending now on StockTwits: $AAPL $T $ABIO $RIMM $SPY $IOC $GS $AMZN $WBD $RSX,0.0,0.0,0.0,1269691380000.0
209,11116899232,/psychotrader/status/11116899232#m,psychotrader,0.0,0.0,2010-03-27 12:01:00+00:00,1269691260000.0,why $spy and $qqqq run up till 8pm after hours??? never seen that so quick and up big??? news???,0.0,0.0,0.0,1269691260000.0
210,11161865718,/tecktrdr/status/11161865718#m,tecktrdr,0.0,0.0,2010-03-27 09:02:00+00:00,1269680520000.0,$spy ...day off... a couple excellnt coffees -great C.O.D. session -stimulus package coming 30th.... cant wait,0.0,0.0,0.0,1269680520000.0
211,11155374466,/StocksDoc/status/11155374466#m,StocksDoc,0.0,0.0,2010-03-27 06:06:00+00:00,1269669960000.0,Friday March 26 2010 Most Actives $AAPL $SPY $QQQQ $BAC $MSFT $IWM ... http://bit.ly/a5dJEy,0.0,0.0,0.0,1269669960000.0
212,11154795958,/TraderFlorida/status/11154795958#m,TraderFlorida,0.0,0.0,2010-03-27 05:52:00+00:00,1269669120000.0,"http://chart.ly/gq7hmw $SPY - same for for the SPY, cont's to ride this uptrend channel - a rest or sideway action is needed",0.0,0.0,1.0,1269669120000.0
213,11137299257,/koolaidluke/status/11137299257#m,koolaidluke,0.0,0.0,2010-03-27 09:48:00+00:00,1269683280000.0,http://chart.ly/vf9ke5 $SPY - 200 week MA was support in '08 but is now acting as resistance.,0.0,0.0,0.0,1269683280000.0
214,11126329996,/Eagle999999999/status/11126329996#m,Eagle999999999,0.0,0.0,2010-03-27 03:35:00+00:00,1269660900000.0,$SPY SPY Still In The Channel. http://fsc.bz/3Wv #WORDEN,0.0,0.0,0.0,1269660900000.0
215,11116988227,/STtrending/status/11116988227#m,STtrending,0.0,0.0,2010-03-27 12:03:00+00:00,1269691380000.0,Trending now on StockTwits: $AAPL $T $ABIO $RIMM $SPY $IOC $GS $AMZN $WBD $RSX,0.0,0.0,0.0,1269691380000.0
216,11116899232,/psychotrader/status/11116899232#m,psychotrader,0.0,0.0,2010-03-27 12:01:00+00:00,1269691260000.0,why $spy and $qqqq run up till 8pm after hours??? never seen that so quick and up big??? news???,0.0,0.0,0.0,1269691260000.0
217,11161865718,/tecktrdr/status/11161865718#m,tecktrdr,0.0,0.0,2010-03-27 09:02:00+00:00,1269680520000.0,$spy ...day off... a couple excellnt coffees -great C.O.D. session -stimulus package coming 30th.... cant wait,0.0,0.0,0.0,1269680520000.0
218,11155374466,/StocksDoc/status/11155374466#m,StocksDoc,0.0,0.0,2010-03-27 06:06:00+00:00,1269669960000.0,Friday March 26 2010 Most Actives $AAPL $SPY $QQQQ $BAC $MSFT $IWM ... http://bit.ly/a5dJEy,0.0,0.0,0.0,1269669960000.0
219,11154795958,/TraderFlorida/status/11154795958#m,TraderFlorida,0.0,0.0,2010-03-27 05:52:00+00:00,1269669120000.0,"http://chart.ly/gq7hmw $SPY - same for for the SPY, cont's to ride this uptrend channel - a rest or sideway action is needed",0.0,0.0,1.0,1269669120000.0
220,11137299257,/koolaidluke/status/11137299257#m,koolaidluke,0.0,0.0,2010-03-27 09:48:00+00:00,1269683280000.0,http://chart.ly/vf9ke5 $SPY - 200 week MA was support in '08 but is now acting as resistance.,0.0,0.0,0.0,1269683280000.0
221,11126329996,/Eagle999999999/status/11126329996#m,Eagle999999999,0.0,0.0,2010-03-27 03:35:00+00:00,1269660900000.0,$SPY SPY Still In The Channel. http://fsc.bz/3Wv #WORDEN,0.0,0.0,0.0,1269660900000.0
222,11116988227,/STtrending/status/11116988227#m,STtrending,0.0,0.0,2010-03-27 12:03:00+00:00,1269691380000.0,Trending now on StockTwits: $AAPL $T $ABIO $RIMM $SPY $IOC $GS $AMZN $WBD $RSX,0.0,0.0,0.0,1269691380000.0
223,11116899232,/psychotrader/status/11116899232#m,psychotrader,0.0,0.0,2010-03-27 12:01:00+00:00,1269691260000.0,why $spy and $qqqq run up till 8pm after hours??? never seen that so quick and up big??? news???,0.0,0.0,0.0,1269691260000.0
224,11161865718,/tecktrdr/status/11161865718#m,tecktrdr,0.0,0.0,2010-03-27 09:02:00+00:00,1269680520000.0,$spy ...day off... a couple excellnt coffees -great C.O.D. session -stimulus package coming 30th.... cant wait,0.0,0.0,0.0,1269680520000.0
225,11155374466,/StocksDoc/status/11155374466#m,StocksDoc,0.0,0.0,2010-03-27 06:06:00+00:00,1269669960000.0,Friday March 26 2010 Most Actives $AAPL $SPY $QQQQ $BAC $MSFT $IWM ... http://bit.ly/a5dJEy,0.0,0.0,0.0,1269669960000.0
226,11154795958,/TraderFlorida/status/11154795958#m,TraderFlorida,0.0,0.0,2010-03-27 05:52:00+00:00,1269669120000.0,"http://chart.ly/gq7hmw $SPY - same for for the SPY, cont's to ride this uptrend channel - a rest or sideway action is needed",0.0,0.0,1.0,1269669120000.0
227,11137299257,/koolaidluke/status/11137299257#m,koolaidluke,0.0,0.0,2010-03-27 09:48:00+00:00,1269683280000.0,http://chart.ly/vf9ke5 $SPY - 200 week MA was support in '08 but is now acting as resistance.,0.0,0.0,0.0,1269683280000.0
228,11126329996,/Eagle999999999/status/11126329996#m,Eagle999999999,0.0,0.0,2010-03-27 03:35:00+00:00,1269660900000.0,$SPY SPY Still In The Channel. http://fsc.bz/3Wv #WORDEN,0.0,0.0,0.0,1269660900000.0
229,11116988227,/STtrending/status/11116988227#m,STtrending,0.0,0.0,2010-03-27 12:03:00+00:00,1269691380000.0,Trending now on StockTwits: $AAPL $T $ABIO $RIMM $SPY $IOC $GS $AMZN $WBD $RSX,0.0,0.0,0.0,1269691380000.0
230,11116899232,/psychotrader/status/11116899232#m,psychotrader,0.0,0.0,2010-03-27 12:01:00+00:00,1269691260000.0,why $spy and $qqqq run up till 8pm after hours??? never seen that so quick and up big??? news???,0.0,0.0,0.0,1269691260000.0
231,11161865718,/tecktrdr/status/11161865718#m,tecktrdr,0.0,0.0,2010-03-27 09:02:00+00:00,1269680520000.0,$spy ...day off... a couple excellnt coffees -great C.O.D. session -stimulus package coming 30th.... cant wait,0.0,0.0,0.0,1269680520000.0
232,11155374466,/StocksDoc/status/11155374466#m,StocksDoc,0.0,0.0,2010-03-27 06:06:00+00:00,1269669960000.0,Friday March 26 2010 Most Actives $AAPL $SPY $QQQQ $BAC $MSFT $IWM ... http://bit.ly/a5dJEy,0.0,0.0,0.0,1269669960000.0
233,11154795958,/TraderFlorida/status/11154795958#m,TraderFlorida,0.0,0.0,2010-03-27 05:52:00+00:00,1269669120000.0,"http://chart.ly/gq7hmw $SPY - same for for the SPY, cont's to ride this uptrend channel - a rest or sideway action is needed",0.0,0.0,1.0,1269669120000.0
234,11137299257,/koolaidluke/status/11137299257#m,koolaidluke,0.0,0.0,2010-03-27 09:48:00+00:00,1269683280000.0,http://chart.ly/vf9ke5 $SPY - 200 week MA was support in '08 but is now acting as resistance.,0.0,0.0,0.0,1269683280000.0
235,11126329996,/Eagle999999999/status/11126329996#m,Eagle999999999,0.0,0.0,2010-03-27 03:35:00+00:00,1269660900000.0,$SPY SPY Still In The Channel. http://fsc.bz/3Wv #WORDEN,0.0,0.0,0.0,1269660900000.0
236,11116988227,/STtrending/status/11116988227#m,STtrending,0.0,0.0,2010-03-27 12:03:00+00:00,1269691380000.0,Trending now on StockTwits: $AAPL $T $ABIO $RIMM $SPY $IOC $GS $AMZN $WBD $RSX,0.0,0.0,0.0,1269691380000.0
237,11116899232,/psychotrader/status/11116899232#m,psychotrader,0.0,0.0,2010-03-27 12:01:00+00:00,1269691260000.0,why $spy and $qqqq run up till 8pm after hours??? never seen that so quick and up big??? news???,0.0,0.0,0.0,1269691260000.0
238,11161865718,/tecktrdr/status/11161865718#m,tecktrdr,0.0,0.0,2010-03-27 09:02:00+00:00,1269680520000.0,$spy ...day off... a couple excellnt coffees -great C.O.D. session -stimulus package coming 30th.... cant wait,0.0,0.0,0.0,1269680520000.0
239,11155374466,/StocksDoc/status/11155374466#m,StocksDoc,0.0,0.0,2010-03-27 06:06:00+00:00,1269669960000.0,Friday March 26 2010 Most Actives $AAPL $SPY $QQQQ $BAC $MSFT $IWM ... http://bit.ly/a5dJEy,0.0,0.0,0.0,1269669960000.0
240,11154795958,/TraderFlorida/status/11154795958#m,TraderFlorida,0.0,0.0,2010-03-27 05:52:00+00:00,1269669120000.0,"http://chart.ly/gq7hmw $SPY - same for for the SPY, cont's to ride this uptrend channel - a rest or sideway action is needed",0.0,0.0,1.0,1269669120000.0
241,11137299257,/koolaidluke/status/11137299257#m,koolaidluke,0.0,0.0,2010-03-27 09:48:00+00:00,1269683280000.0,http://chart.ly/vf9ke5 $SPY - 200 week MA was support in '08 but is now acting as resistance.,0.0,0.0,0.0,1269683280000.0
242,11126329996,/Eagle999999999/status/11126329996#m,Eagle999999999,0.0,0.0,2010-03-27 03:35:00+00:00,1269660900000.0,$SPY SPY Still In The Channel. http://fsc.bz/3Wv #WORDEN,0.0,0.0,0.0,1269660900000.0
243,11116988227,/STtrending/status/11116988227#m,STtrending,0.0,0.0,2010-03-27 12:03:00+00:00,1269691380000.0,Trending now on StockTwits: $AAPL $T $ABIO $RIMM $SPY $IOC $GS $AMZN $WBD $RSX,0.0,0.0,0.0,1269691380000.0
244,11116899232,/psychotrader/status/11116899232#m,psychotrader,0.0,0.0,2010-03-27 12:01:00+00:00,1269691260000.0,why $spy and $qqqq run up till 8pm after hours??? never seen that so quick and up big??? news???,0.0,0.0,0.0,1269691260000.0
245,11161865718,/tecktrdr/status/11161865718#m,tecktrdr,0.0,0.0,2010-03-27 09:02:00+00:00,1269680520000.0,$spy ...day off... a couple excellnt coffees -great C.O.D. session -stimulus package coming 30th.... cant wait,0.0,0.0,0.0,1269680520000.0
246,11155374466,/StocksDoc/status/11155374466#m,StocksDoc,0.0,0.0,2010-03-27 06:06:00+00:00,1269669960000.0,Friday March 26 2010 Most Actives $AAPL $SPY $QQQQ $BAC $MSFT $IWM ... http://bit.ly/a5dJEy,0.0,0.0,0.0,1269669960000.0
247,11154795958,/TraderFlorida/status/11154795958#m,TraderFlorida,0.0,0.0,2010-03-27 05:52:00+00:00,1269669120000.0,"http://chart.ly/gq7hmw $SPY - same for for the SPY, cont's to ride this uptrend channel - a rest or sideway action is needed",0.0,0.0,1.0,1269669120000.0
248,11137299257,/koolaidluke/status/11137299257#m,koolaidluke,0.0,0.0,2010-03-27 09:48:00+00:00,1269683280000.0,http://chart.ly/vf9ke5 $SPY - 200 week MA was support in '08 but is now acting as resistance.,0.0,0.0,0.0,1269683280000.0
249,11126329996,/Eagle999999999/status/11126329996#m,Eagle999999999,0.0,0.0,2010-03-27 03:35:00+00:00,1269660900000.0,$SPY SPY Still In The Channel. http://fsc.bz/3Wv #WORDEN,0.0,0.0,0.0,1269660900000.0
250,11116988227,/STtrending/status/11116988227#m,STtrending,0.0,0.0,2010-03-27 12:03:00+00:00,1269691380000.0,Trending now on StockTwits: $AAPL $T $ABIO $RIMM $SPY $IOC $GS $AMZN $WBD $RSX,0.0,0.0,0.0,1269691380000.0
251,11116899232,/psychotrader/status/11116899232#m,psychotrader,0.0,0.0,2010-03-27 12:01:00+00:00,1269691260000.0,why $spy and $qqqq run up till 8pm after hours??? never seen that so quick and up big??? news???,0.0,0.0,0.0,1269691260000.0
252,11161865718,/tecktrdr/status/11161865718#m,tecktrdr,0.0,0.0,2010-03-27 09:02:00+00:00,1269680520000.0,$spy ...day off... a couple excellnt coffees -great C.O.D. session -stimulus package coming 30th.... cant wait,0.0,0.0,0.0,1269680520000.0
253,11155374466,/StocksDoc/status/11155374466#m,StocksDoc,0.0,0.0,2010-03-27 06:06:00+00:00,1269669960000.0,Friday March 26 2010 Most Actives $AAPL $SPY $QQQQ $BAC $MSFT $IWM ... http://bit.ly/a5dJEy,0.0,0.0,0.0,1269669960000.0
254,11154795958,/TraderFlorida/status/11154795958#m,TraderFlorida,0.0,0.0,2010-03-27 05:52:00+00:00,1269669120000.0,"http://chart.ly/gq7hmw $SPY - same for for the SPY, cont's to ride this uptrend channel - a rest or sideway action is needed",0.0,0.0,1.0,1269669120000.0
255,11137299257,/koolaidluke/status/11137299257#m,koolaidluke,0.0,0.0,2010-03-27 09:48:00+00:00,1269683280000.0,http://chart.ly/vf9ke5 $SPY - 200 week MA was support in '08 but is now acting as resistance.,0.0,0.0,0.0,1269683280000.0
256,11126329996,/Eagle999999999/status/11126329996#m,Eagle999999999,0.0,0.0,2010-03-27 03:35:00+00:00,1269660900000.0,$SPY SPY Still In The Channel. http://fsc.bz/3Wv #WORDEN,0.0,0.0,0.0,1269660900000.0
257,11116988227,/STtrending/status/11116988227#m,STtrending,0.0,0.0,2010-03-27 12:03:00+00:00,1269691380000.0,Trending now on StockTwits: $AAPL $T $ABIO $RIMM $SPY $IOC $GS $AMZN $WBD $RSX,0.0,0.0,0.0,1269691380000.0
258,11116899232,/psychotrader/status/11116899232#m,psychotrader,0.0,0.0,2010-03-27 12:01:00+00:00,1269691260000.0,why $spy and $qqqq run up till 8pm after hours??? never seen that so quick and up big??? news???,0.0,0.0,0.0,1269691260000.0
259,11161865718,/tecktrdr/status/11161865718#m,tecktrdr,0.0,0.0,2010-03-27 09:02:00+00:00,1269680520000.0,$spy ...day off... a couple excellnt coffees -great C.O.D. session -stimulus package coming 30th.... cant wait,0.0,0.0,0.0,1269680520000.0
260,11155374466,/StocksDoc/status/11155374466#m,StocksDoc,0.0,0.0,2010-03-27 06:06:00+00:00,1269669960000.0,Friday March 26 2010 Most Actives $AAPL $SPY $QQQQ $BAC $MSFT $IWM ... http://bit.ly/a5dJEy,0.0,0.0,0.0,1269669960000.0
261,11154795958,/TraderFlorida/status/11154795958#m,TraderFlorida,0.0,0.0,2010-03-27 05:52:00+00:00,1269669120000.0,"http://chart.ly/gq7hmw $SPY - same for for the SPY, cont's to ride this uptrend channel - a rest or sideway action is needed",0.0,0.0,1.0,1269669120000.0
262,11137299257,/koolaidluke/status/11137299257#m,koolaidluke,0.0,0.0,2010-03-27 09:48:00+00:00,1269683280000.0,http://chart.ly/vf9ke5 $SPY - 200 week MA was support in '08 but is now acting as resistance.,0.0,0.0,0.0,1269683280000.0
263,11126329996,/Eagle999999999/status/11126329996#m,Eagle999999999,0.0,0.0,2010-03-27 03:35:00+00:00,1269660900000.0,$SPY SPY Still In The Channel. http://fsc.bz/3Wv #WORDEN,0.0,0.0,0.0,1269660900000.0
264,11116988227,/STtrending/status/11116988227#m,STtrending,0.0,0.0,2010-03-27 12:03:00+00:00,1269691380000.0,Trending now on StockTwits: $AAPL $T $ABIO $RIMM $SPY $IOC $GS $AMZN $WBD $RSX,0.0,0.0,0.0,1269691380000.0
265,11116899232,/psychotrader/status/11116899232#m,psychotrader,0.0,0.0,2010-03-27 12:01:00+00:00,1269691260000.0,why $spy and $qqqq run up till 8pm after hours??? never seen that so quick and up big??? news???,0.0,0.0,0.0,1269691260000.0
266,11161865718,/tecktrdr/status/11161865718#m,tecktrdr,0.0,0.0,2010-03-27 09:02:00+00:00,1269680520000.0,$spy ...day off... a couple excellnt coffees -great C.O.D. session -stimulus package coming 30th.... cant wait,0.0,0.0,0.0,1269680520000.0
267,11155374466,/StocksDoc/status/11155374466#m,StocksDoc,0.0,0.0,2010-03-27 06:06:00+00:00,1269669960000.0,Friday March 26 2010 Most Actives $AAPL $SPY $QQQQ $BAC $MSFT $IWM ... http://bit.ly/a5dJEy,0.0,0.0,0.0,1269669960000.0
268,11154795958,/TraderFlorida/status/11154795958#m,TraderFlorida,0.0,0.0,2010-03-27 05:52:00+00:00,1269669120000.0,"http://chart.ly/gq7hmw $SPY - same for for the SPY, cont's to ride this uptrend channel - a rest or sideway action is needed",0.0,0.0,1.0,1269669120000.0
269,11137299257,/koolaidluke/status/11137299257#m,koolaidluke,0.0,0.0,2010-03-27 09:48:00+00:00,1269683280000.0,http://chart.ly/vf9ke5 $SPY - 200 week MA was support in '08 but is now acting as resistance.,0.0,0.0,0.0,1269683280000.0
270,11126329996,/Eagle999999999/status/11126329996#m,Eagle999999999,0.0,0.0,2010-03-27 03:35:00+00:00,1269660900000.0,$SPY SPY Still In The Channel. http://fsc.bz/3Wv #WORDEN,0.0,0.0,0.0,1269660900000.0
271,11116988227,/STtrending/status/11116988227#m,STtrending,0.0,0.0,2010-03-27 12:03:00+00:00,1269691380000.0,Trending now on StockTwits: $AAPL $T $ABIO $RIMM $SPY $IOC $GS $AMZN $WBD $RSX,0.0,0.0,0.0,1269691380000.0
272,11116899232,/psychotrader/status/11116899232#m,psychotrader,0.0,0.0,2010-03-27 12:01:00+00:00,1269691260000.0,why $spy and $qqqq run up till 8pm after hours??? never seen that so quick and up big??? news???,0.0,0.0,0.0,1269691260000.0
273,11161865718,/tecktrdr/status/11161865718#m,tecktrdr,0.0,0.0,2010-03-27 09:02:00+00:00,1269680520000.0,$spy ...day off... a couple excellnt coffees -great C.O.D. session -stimulus package coming 30th.... cant wait,0.0,0.0,0.0,1269680520000.0
274,11155374466,/StocksDoc/status/11155374466#m,StocksDoc,0.0,0.0,2010-03-27 06:06:00+00:00,1269669960000.0,Friday March 26 2010 Most Actives $AAPL $SPY $QQQQ $BAC $MSFT $IWM ... http://bit.ly/a5dJEy,0.0,0.0,0.0,1269669960000.0
275,11154795958,/TraderFlorida/status/11154795958#m,TraderFlorida,0.0,0.0,2010-03-27 05:52:00+00:00,1269669120000.0,"http://chart.ly/gq7hmw $SPY - same for for the SPY, cont's to ride this uptrend channel - a rest or sideway action is needed",0.0,0.0,1.0,1269669120000.0
276,11137299257,/koolaidluke/status/11137299257#m,koolaidluke,0.0,0.0,2010-03-27 09:48:00+00:00,1269683280000.0,http://chart.ly/vf9ke5 $SPY - 200 week MA was support in '08 but is now acting as resistance.,0.0,0.0,0.0,1269683280000.0
277,11126329996,/Eagle999999999/status/11126329996#m,Eagle999999999,0.0,0.0,2010-03-27 03:35:00+00:00,1269660900000.0,$SPY SPY Still In The Channel. http://fsc.bz/3Wv #WORDEN,0.0,0.0,0.0,1269660900000.0
278,11116988227,/STtrending/status/11116988227#m,STtrending,0.0,0.0,2010-03-27 12:03:00+00:00,1269691380000.0,Trending now on StockTwits: $AAPL $T $ABIO $RIMM $SPY $IOC $GS $AMZN $WBD $RSX,0.0,0.0,0.0,1269691380000.0
279,11116899232,/psychotrader/status/11116899232#m,psychotrader,0.0,0.0,2010-03-27 12:01:00+00:00,1269691260000.0,why $spy and $qqqq run up till 8pm after hours??? never seen that so quick and up big??? news???,0.0,0.0,0.0,1269691260000.0
280,11161865718,/tecktrdr/status/11161865718#m,tecktrdr,0.0,0.0,2010-03-27 09:02:00+00:00,1269680520000.0,$spy ...day off... a couple excellnt coffees -great C.O.D. session -stimulus package coming 30th.... cant wait,0.0,0.0,0.0,1269680520000.0
281,11155374466,/StocksDoc/status/11155374466#m,StocksDoc,0.0,0.0,2010-03-27 06:06:00+00:00,1269669960000.0,Friday March 26 2010 Most Actives $AAPL $SPY $QQQQ $BAC $MSFT $IWM ... http://bit.ly/a5dJEy,0.0,0.0,0.0,1269669960000.0
282,11154795958,/TraderFlorida/status/11154795958#m,TraderFlorida,0.0,0.0,2010-03-27 05:52:00+00:00,1269669120000.0,"http://chart.ly/gq7hmw $SPY - same for for the SPY, cont's to ride this uptrend channel - a rest or sideway action is needed",0.0,0.0,1.0,1269669120000.0
283,11137299257,/koolaidluke/status/11137299257#m,koolaidluke,0.0,0.0,2010-03-27 09:48:00+00:00,1269683280000.0,http://chart.ly/vf9ke5 $SPY - 200 week MA was support in '08 but is now acting as resistance.,0.0,0.0,0.0,1269683280000.0
284,11126329996,/Eagle999999999/status/11126329996#m,Eagle999999999,0.0,0.0,2010-03-27 03:35:00+00:00,1269660900000.0,$SPY SPY Still In The Channel. http://fsc.bz/3Wv #WORDEN,0.0,0.0,0.0,1269660900000.0
285,11116988227,/STtrending/status/11116988227#m,STtrending,0.0,0.0,2010-03-27 12:03:00+00:00,1269691380000.0,Trending now on StockTwits: $AAPL $T $ABIO $RIMM $SPY $IOC $GS $AMZN $WBD $RSX,0.0,0.0,0.0,1269691380000.0
286,11116899232,/psychotrader/status/11116899232#m,psychotrader,0.0,0.0,2010-03-27 12:01:00+00:00,1269691260000.0,why $spy and $qqqq run up till 8pm after hours??? never seen that so quick and up big??? news???,0.0,0.0,0.0,1269691260000.0
287,11161865718,/tecktrdr/status/11161865718#m,tecktrdr,0.0,0.0,2010-03-27 09:02:00+00:00,1269680520000.0,$spy ...day off... a couple excellnt coffees -great C.O.D. session -stimulus package coming 30th.... cant wait,0.0,0.0,0.0,1269680520000.0
288,11155374466,/StocksDoc/status/11155374466#m,StocksDoc,0.0,0.0,2010-03-27 06:06:00+00:00,1269669960000.0,Friday March 26 2010 Most Actives $AAPL $SPY $QQQQ $BAC $MSFT $IWM ... http://bit.ly/a5dJEy,0.0,0.0,0.0,1269669960000.0
289,11154795958,/TraderFlorida/status/11154795958#m,TraderFlorida,0.0,0.0,2010-03-27 05:52:00+00:00,1269669120000.0,"http://chart.ly/gq7hmw $SPY - same for for the SPY, cont's to ride this uptrend channel - a rest or sideway action is needed",0.0,0.0,1.0,1269669120000.0
290,11137299257,/koolaidluke/status/11137299257#m,koolaidluke,0.0,0.0,2010-03-27 09:48:00+00:00,1269683280000.0,http://chart.ly/vf9ke5 $SPY - 200 week MA was support in '08 but is now acting as resistance.,0.0,0.0,0.0,1269683280000.0
291,11126329996,/Eagle999999999/status/11126329996#m,Eagle999999999,0.0,0.0,2010-03-27 03:35:00+00:00,1269660900000.0,$SPY SPY Still In The Channel. http://fsc.bz/3Wv #WORDEN,0.0,0.0,0.0,1269660900000.0
292,11116988227,/STtrending/status/11116988227#m,STtrending,0.0,0.0,2010-03-27 12:03:00+00:00,1269691380000.0,Trending now on StockTwits: $AAPL $T $ABIO $RIMM $SPY $IOC $GS $AMZN $WBD $RSX,0.0,0.0,0.0,1269691380000.0
293,11116899232,/psychotrader/status/11116899232#m,psychotrader,0.0,0.0,2010-03-27 12:01:00+00:00,1269691260000.0,why $spy and $qqqq run up till 8pm after hours??? never seen that so quick and up big??? news???,0.0,0.0,0.0,1269691260000.0
294,11161865718,/tecktrdr/status/11161865718#m,tecktrdr,0.0,0.0,2010-03-27 09:02:00+00:00,1269680520000.0,$spy ...day off... a couple excellnt coffees -great C.O.D. session -stimulus package coming 30th.... cant wait,0.0,0.0,0.0,1269680520000.0
295,11155374466,/StocksDoc/status/11155374466#m,StocksDoc,0.0,0.0,2010-03-27 06:06:00+00:00,1269669960000.0,Friday March 26 2010 Most Actives $AAPL $SPY $QQQQ $BAC $MSFT $IWM ... http://bit.ly/a5dJEy,0.0,0.0,0.0,1269669960000.0
296,11154795958,/TraderFlorida/status/11154795958#m,TraderFlorida,0.0,0.0,2010-03-27 05:52:00+00:00,1269669120000.0,"http://chart.ly/gq7hmw $SPY - same for for the SPY, cont's to ride this uptrend channel - a rest or sideway action is needed",0.0,0.0,1.0,1269669120000.0
297,11137299257,/koolaidluke/status/11137299257#m,koolaidluke,0.0,0.0,2010-03-27 09:48:00+00:00,1269683280000.0,http://chart.ly/vf9ke5 $SPY - 200 week MA was support in '08 but is now acting as resistance.,0.0,0.0,0.0,1269683280000.0
298,11126329996,/Eagle999999999/status/11126329996#m,Eagle999999999,0.0,0.0,2010-03-27 03:35:00+00:00,1269660900000.0,$SPY SPY Still In The Channel. http://fsc.bz/3Wv #WORDEN,0.0,0.0,0.0,1269660900000.0
299,11116988227,/STtrending/status/11116988227#m,STtrending,0.0,0.0,2010-03-27 12:03:00+00:00,1269691380000.0,Trending now on StockTwits: $AAPL $T $ABIO $RIMM $SPY $IOC $GS $AMZN $WBD $RSX,0.0,0.0,0.0,1269691380000.0
300,11116899232,/psychotrader/status/11116899232#m,psychotrader,0.0,0.0,2010-03-27 12:01:00+00:00,1269691260000.0,why $spy and $qqqq run up till 8pm after hours??? never seen that so quick and up big??? news???,0.0,0.0,0.0,1269691260000.0
301,11161865718,/tecktrdr/status/11161865718#m,tecktrdr,0.0,0.0,2010-03-27 09:02:00+00:00,1269680520000.0,$spy ...day off... a couple excellnt coffees -great C.O.D. session -stimulus package coming 30th.... cant wait,0.0,0.0,0.0,1269680520000.0
302,11155374466,/StocksDoc/status/11155374466#m,StocksDoc,0.0,0.0,2010-03-27 06:06:00+00:00,1269669960000.0,Friday March 26 2010 Most Actives $AAPL $SPY $QQQQ $BAC $MSFT $IWM ... http://bit.ly/a5dJEy,0.0,0.0,0.0,1269669960000.0
303,11154795958,/TraderFlorida/status/11154795958#m,TraderFlorida,0.0,0.0,2010-03-27 05:52:00+00:00,1269669120000.0,"http://chart.ly/gq7hmw $SPY - same for for the SPY, cont's to ride this uptrend channel - a rest or sideway action is needed",0.0,0.0,1.0,1269669120000.0
304,11137299257,/koolaidluke/status/11137299257#m,koolaidluke,0.0,0.0,2010-03-27 09:48:00+00:00,1269683280000.0,http://chart.ly/vf9ke5 $SPY - 200 week MA was support in '08 but is now acting as resistance.,0.0,0.0,0.0,1269683280000.0
305,11126329996,/Eagle999999999/status/11126329996#m,Eagle999999999,0.0,0.0,2010-03-27 03:35:00+00:00,1269660900000.0,$SPY SPY Still In The Channel. http://fsc.bz/3Wv #WORDEN,0.0,0.0,0.0,1269660900000.0
306,11116988227,/STtrending/status/11116988227#m,STtrending,0.0,0.0,2010-03-27 12:03:00+00:00,1269691380000.0,Trending now on StockTwits: $AAPL $T $ABIO $RIMM $SPY $IOC $GS $AMZN $WBD $RSX,0.0,0.0,0.0,1269691380000.0
307,11116899232,/psychotrader/status/11116899232#m,psychotrader,0.0,0.0,2010-03-27 12:01:00+00:00,1269691260000.0,why $spy and $qqqq run up till 8pm after hours??? never seen that so quick and up big??? news???,0.0,0.0,0.0,1269691260000.0
308,11161865718,/tecktrdr/status/11161865718#m,tecktrdr,0.0,0.0,2010-03-27 09:02:00+00:00,1269680520000.0,$spy ...day off... a couple excellnt coffees -great C.O.D. session -stimulus package coming 30th.... cant wait,0.0,0.0,0.0,1269680520000.0
309,11155374466,/StocksDoc/status/11155374466#m,StocksDoc,0.0,0.0,2010-03-27 06:06:00+00:00,1269669960000.0,Friday March 26 2010 Most Actives $AAPL $SPY $QQQQ $BAC $MSFT $IWM ... http://bit.ly/a5dJEy,0.0,0.0,0.0,1269669960000.0
310,11154795958,/TraderFlorida/status/11154795958#m,TraderFlorida,0.0,0.0,2010-03-27 05:52:00+00:00,1269669120000.0,"http://chart.ly/gq7hmw $SPY - same for for the SPY, cont's to ride this uptrend channel - a rest or sideway action is needed",0.0,0.0,1.0,1269669120000.0
311,11137299257,/koolaidluke/status/11137299257#m,koolaidluke,0.0,0.0,2010-03-27 09:48:00+00:00,1269683280000.0,http://chart.ly/vf9ke5 $SPY - 200 week MA was support in '08 but is now acting as resistance.,0.0,0.0,0.0,1269683280000.0
312,11126329996,/Eagle999999999/status/11126329996#m,Eagle999999999,0.0,0.0,2010-03-27 03:35:00+00:00,1269660900000.0,$SPY SPY Still In The Channel. http://fsc.bz/3Wv #WORDEN,0.0,0.0,0.0,1269660900000.0
313,11116988227,/STtrending/status/11116988227#m,STtrending,0.0,0.0,2010-03-27 12:03:00+00:00,1269691380000.0,Trending now on StockTwits: $AAPL $T $ABIO $RIMM $SPY $IOC $GS $AMZN $WBD $RSX,0.0,0.0,0.0,1269691380000.0
314,11116899232,/psychotrader/status/11116899232#m,psychotrader,0.0,0.0,2010-03-27 12:01:00+00:00,1269691260000.0,why $spy and $qqqq run up till 8pm after hours??? never seen that so quick and up big??? news???,0.0,0.0,0.0,1269691260000.0
315,11161865718,/tecktrdr/status/11161865718#m,tecktrdr,0.0,0.0,2010-03-27 09:02:00+00:00,1269680520000.0,$spy ...day off... a couple excellnt coffees -great C.O.D. session -stimulus package coming 30th.... cant wait,0.0,0.0,0.0,1269680520000.0
316,11155374466,/StocksDoc/status/11155374466#m,StocksDoc,0.0,0.0,2010-03-27 06:06:00+00:00,1269669960000.0,Friday March 26 2010 Most Actives $AAPL $SPY $QQQQ $BAC $MSFT $IWM ... http://bit.ly/a5dJEy,0.0,0.0,0.0,1269669960000.0
317,11154795958,/TraderFlorida/status/11154795958#m,TraderFlorida,0.0,0.0,2010-03-27 05:52:00+00:00,1269669120000.0,"http://chart.ly/gq7hmw $SPY - same for for the SPY, cont's to ride this uptrend channel - a rest or sideway action is needed",0.0,0.0,1.0,1269669120000.0
318,11137299257,/koolaidluke/status/11137299257#m,koolaidluke,0.0,0.0,2010-03-27 09:48:00+00:00,1269683280000.0,http://chart.ly/vf9ke5 $SPY - 200 week MA was support in '08 but is now acting as resistance.,0.0,0.0,0.0,1269683280000.0
319,11126329996,/Eagle999999999/status/11126329996#m,Eagle999999999,0.0,0.0,2010-03-27 03:35:00+00:00,1269660900000.0,$SPY SPY Still In The Channel. http://fsc.bz/3Wv #WORDEN,0.0,0.0,0.0,1269660900000.0
320,11116988227,/STtrending/status/11116988227#m,STtrending,0.0,0.0,2010-03-27 12:03:00+00:00,1269691380000.0,Trending now on StockTwits: $AAPL $T $ABIO $RIMM $SPY $IOC $GS $AMZN $WBD $RSX,0.0,0.0,0.0,1269691380000.0
321,11116899232,/psychotrader/status/11116899232#m,psychotrader,0.0,0.0,2010-03-27 12:01:00+00:00,1269691260000.0,why $spy and $qqqq run up till 8pm after hours??? never seen that so quick and up big??? news???,0.0,0.0,0.0,1269691260000.0
322,11161865718,/tecktrdr/status/11161865718#m,tecktrdr,0.0,0.0,2010-03-27 09:02:00+00:00,1269680520000.0,$spy ...day off... a couple excellnt coffees -great C.O.D. session -stimulus package coming 30th.... cant wait,0.0,0.0,0.0,1269680520000.0
323,11155374466,/StocksDoc/status/11155374466#m,StocksDoc,0.0,0.0,2010-03-27 06:06:00+00:00,1269669960000.0,Friday March 26 2010 Most Actives $AAPL $SPY $QQQQ $BAC $MSFT $IWM ... http://bit.ly/a5dJEy,0.0,0.0,0.0,1269669960000.0
324,11154795958,/TraderFlorida/status/11154795958#m,TraderFlorida,0.0,0.0,2010-03-27 05:52:00+00:00,1269669120000.0,"http://chart.ly/gq7hmw $SPY - same for for the SPY, cont's to ride this uptrend channel - a rest or sideway action is needed",0.0,0.0,1.0,1269669120000.0
325,11137299257,/koolaidluke/status/11137299257#m,koolaidluke,0.0,0.0,2010-03-27 09:48:00+00:00,1269683280000.0,http://chart.ly/vf9ke5 $SPY - 200 week MA was support in '08 but is now acting as resistance.,0.0,0.0,0.0,1269683280000.0
326,11126329996,/Eagle999999999/status/11126329996#m,Eagle999999999,0.0,0.0,2010-03-27 03:35:00+00:00,1269660900000.0,$SPY SPY Still In The Channel. http://fsc.bz/3Wv #WORDEN,0.0,0.0,0.0,1269660900000.0
327,11116988227,/STtrending/status/11116988227#m,STtrending,0.0,0.0,2010-03-27 12:03:00+00:00,1269691380000.0,Trending now on StockTwits: $AAPL $T $ABIO $RIMM $SPY $IOC $GS $AMZN $WBD $RSX,0.0,0.0,0.0,1269691380000.0
328,11116899232,/psychotrader/status/11116899232#m,psychotrader,0.0,0.0,2010-03-27 12:01:00+00:00,1269691260000.0,why $spy and $qqqq run up till 8pm after hours??? never seen that so quick and up big??? news???,0.0,0.0,0.0,1269691260000.0
329,11161865718,/tecktrdr/status/11161865718#m,tecktrdr,0.0,0.0,2010-03-27 09:02:00+00:00,1269680520000.0,$spy ...day off... a couple excellnt coffees -great C.O.D. session -stimulus package coming 30th.... cant wait,0.0,0.0,0.0,1269680520000.0
330,11155374466,/StocksDoc/status/11155374466#m,StocksDoc,0.0,0.0,2010-03-27 06:06:00+00:00,1269669960000.0,Friday March 26 2010 Most Actives $AAPL $SPY $QQQQ $BAC $MSFT $IWM ... http://bit.ly/a5dJEy,0.0,0.0,0.0,1269669960000.0
331,11154795958,/TraderFlorida/status/11154795958#m,TraderFlorida,0.0,0.0,2010-03-27 05:52:00+00:00,1269669120000.0,"http://chart.ly/gq7hmw $SPY - same for for the SPY, cont's to ride this uptrend channel - a rest or sideway action is needed",0.0,0.0,1.0,1269669120000.0
332,11137299257,/koolaidluke/status/11137299257#m,koolaidluke,0.0,0.0,2010-03-27 09:48:00+00:00,1269683280000.0,http://chart.ly/vf9ke5 $SPY - 200 week MA was support in '08 but is now acting as resistance.,0.0,0.0,0.0,1269683280000.0
333,11126329996,/Eagle999999999/status/11126329996#m,Eagle999999999,0.0,0.0,2010-03-27 03:35:00+00:00,1269660900000.0,$SPY SPY Still In The Channel. http://fsc.bz/3Wv #WORDEN,0.0,0.0,0.0,1269660900000.0
334,11116988227,/STtrending/status/11116988227#m,STtrending,0.0,0.0,2010-03-27 12:03:00+00:00,1269691380000.0,Trending now on StockTwits: $AAPL $T $ABIO $RIMM $SPY $IOC $GS $AMZN $WBD $RSX,0.0,0.0,0.0,1269691380000.0
335,11116899232,/psychotrader/status/11116899232#m,psychotrader,0.0,0.0,2010-03-27 12:01:00+00:00,1269691260000.0,why $spy and $qqqq run up till 8pm after hours??? never seen that so quick and up big??? news???,0.0,0.0,0.0,1269691260000.0
336,11161865718,/tecktrdr/status/11161865718#m,tecktrdr,0.0,0.0,2010-03-27 09:02:00+00:00,1269680520000.0,$spy ...day off... a couple excellnt coffees -great C.O.D. session -stimulus package coming 30th.... cant wait,0.0,0.0,0.0,1269680520000.0
337,11155374466,/StocksDoc/status/11155374466#m,StocksDoc,0.0,0.0,2010-03-27 06:06:00+00:00,1269669960000.0,Friday March 26 2010 Most Actives $AAPL $SPY $QQQQ $BAC $MSFT $IWM ... http://bit.ly/a5dJEy,0.0,0.0,0.0,1269669960000.0
338,11154795958,/TraderFlorida/status/11154795958#m,TraderFlorida,0.0,0.0,2010-03-27 05:52:00+00:00,1269669120000.0,"http://chart.ly/gq7hmw $SPY - same for for the SPY, cont's to ride this uptrend channel - a rest or sideway action is needed",0.0,0.0,1.0,1269669120000.0
339,11137299257,/koolaidluke/status/11137299257#m,koolaidluke,0.0,0.0,2010-03-27 09:48:00+00:00,1269683280000.0,http://chart.ly/vf9ke5 $SPY - 200 week MA was support in '08 but is now acting as resistance.,0.0,0.0,0.0,1269683280000.0
340,11126329996,/Eagle999999999/status/11126329996#m,Eagle999999999,0.0,0.0,2010-03-27 03:35:00+00:00,1269660900000.0,$SPY SPY Still In The Channel. http://fsc.bz/3Wv #WORDEN,0.0,0.0,0.0,1269660900000.0
341,11116988227,/STtrending/status/11116988227#m,STtrending,0.0,0.0,2010-03-27 12:03:00+00:00,1269691380000.0,Trending now on StockTwits: $AAPL $T $ABIO $RIMM $SPY $IOC $GS $AMZN $WBD $RSX,0.0,0.0,0.0,1269691380000.0
342,11116899232,/psychotrader/status/11116899232#m,psychotrader,0.0,0.0,2010-03-27 12:01:00+00:00,1269691260000.0,why $spy and $qqqq run up till 8pm after hours??? never seen that so quick and up big??? news???,0.0,0.0,0.0,1269691260000.0
343,11161865718,/tecktrdr/status/11161865718#m,tecktrdr,0.0,0.0,2010-03-27 09:02:00+00:00,1269680520000.0,$spy ...day off... a couple excellnt coffees -great C.O.D. session -stimulus package coming 30th.... cant wait,0.0,0.0,0.0,1269680520000.0
344,11155374466,/StocksDoc/status/11155374466#m,StocksDoc,0.0,0.0,2010-03-27 06:06:00+00:00,1269669960000.0,Friday March 26 2010 Most Actives $AAPL $SPY $QQQQ $BAC $MSFT $IWM ... http://bit.ly/a5dJEy,0.0,0.0,0.0,1269669960000.0
345,11154795958,/TraderFlorida/status/11154795958#m,TraderFlorida,0.0,0.0,2010-03-27 05:52:00+00:00,1269669120000.0,"http://chart.ly/gq7hmw $SPY - same for for the SPY, cont's to ride this uptrend channel - a rest or sideway action is needed",0.0,0.0,1.0,1269669120000.0
346,11137299257,/koolaidluke/status/11137299257#m,koolaidluke,0.0,0.0,2010-03-27 09:48:00+00:00,1269683280000.0,http://chart.ly/vf9ke5 $SPY - 200 week MA was support in '08 but is now acting as resistance.,0.0,0.0,0.0,1269683280000.0
347,11126329996,/Eagle999999999/status/11126329996#m,Eagle999999999,0.0,0.0,2010-03-27 03:35:00+00:00,1269660900000.0,$SPY SPY Still In The Channel. http://fsc.bz/3Wv #WORDEN,0.0,0.0,0.0,1269660900000.0
348,11116988227,/STtrending/status/11116988227#m,STtrending,0.0,0.0,2010-03-27 12:03:00+00:00,1269691380000.0,Trending now on StockTwits: $AAPL $T $ABIO $RIMM $SPY $IOC $GS $AMZN $WBD $RSX,0.0,0.0,0.0,1269691380000.0
349,11116899232,/psychotrader/status/11116899232#m,psychotrader,0.0,0.0,2010-03-27 12:01:00+00:00,1269691260000.0,why $spy and $qqqq run up till 8pm after hours??? never seen that so quick and up big??? news???,0.0,0.0,0.0,1269691260000.0
